회사명,공고제목,직무분야,근무지,경력/고용형태,학력,마감일,등록일,공고URL
(주)HR컨설팅그룹,[코스닥 상장 의료기기 제조사] 영상처리 개발,"S/W, 알고리즘, 영상처리, 정보통신, Matlab",경기 광명시,6 ~ 13년 · 정규직,대학교(4년)↑,채용시,16분 전 등록,https://www.saramin.co.kr/zf_user/jobs/relay/view?view_type=list&rec_idx=49777833
(주)디지포레,메타버스 사업 관리 신입 경력직 모집,"VR(가상현실), 사업관리, 메타버스, 솔루션",서울 영등포구,경력무관 · 정규직,학력무관,~02.14(금),16분 전 등록,https://www.saramin.co.kr/zf_user/jobs/relay/view?view_type=list&rec_idx=49777831
(주)지엠피아이티,[ERP 유지보수] 3~5년 경력자 모집,"유지보수, 개발PM, 솔루션, ERP, SAP",서울 금천구,3 ~ 5년 · 정규직,"대학(2,3년)↑",~02.14(금),16분 전 등록,https://www.saramin.co.kr/zf_user/jobs/relay/view?view_type=list&rec_idx=49777828
에이치알서비스(주),[대기업] 총무 사무지원 / SAP 우대,"SAP, 총무, 전산총무, 경영지원, 구매관리",서울 종로구,경력무관 · 파견직,"대학(2,3년)↑",상시채용,17분 전 등록,https://www.saramin.co.kr/zf_user/jobs/relay/view?view_type=list&rec_idx=49777808
(주)HR컨설팅그룹,[코스닥 상장 의료기기 제조사] S/W 개발,"S/W, 정보통신, MFC, PostgreSQL, SQLite",경기 광명시,6 ~ 15년 · 정규직,"대학(2,3년)↑",채용시,21분 전 등록,https://www.saramin.co.kr/zf_user/jobs/relay/view?view_type=list&rec_idx=49777760
(주)피플온(People On),[국내 대형 금융사] 해외주식 매매시스템 개발/운영 경력직 채용,"앱개발, 웹개발, 유지보수, 프론트엔드, CSS",서울 강남구,7 ~ 13년 · 정규직,대학교(4년)↑,D-5,22분 전 등록,https://www.saramin.co.kr/zf_user/jobs/relay/view?view_type=list&rec_idx=49777753
(주)한결이앤씨,[한결이앤씨] 경영지원팀 인사/노무/경리/회계 업무 담당,"유지보수, 경리, 계산서발행, 급여(Payroll), 법인결산",서울 서초구,경력무관 · 정규직,대학교(4년)↑,~02.14(금),25분 전 등록,https://www.saramin.co.kr/zf_user/jobs/relay/view?view_type=list&rec_idx=49777711
(주)테라시큐어,보안관제 및 운영(서울),"정보보안, 보안관제, 방화벽",서울 영등포구,신입 · 경력 · 정규직,학력무관,~03.16(일),26분 전 등록,https://www.saramin.co.kr/zf_user/jobs/relay/view?view_type=list&rec_idx=49777698
(주)팀프레시,[팀프레시] WMS스쿼드 백엔드(풀스택) 개발자(경력 3년 이상),"데이터분석가, 백엔드/서버개발, 앱개발, 웹개발, SI개발",서울 강남구,경력 3년↑ · 정규직,학력무관,D-7,29분 전 등록,https://www.saramin.co.kr/zf_user/jobs/relay/view?view_type=list&rec_idx=49777662
(주)에스엘즈,로보틱스 개발자 채용,"알고리즘, AI(인공지능), C++, Python, Tensorflow",경기 시흥시,경력무관 · 정규직,대학교(4년)↑,채용시,40분 전 등록,https://www.saramin.co.kr/zf_user/jobs/relay/view?view_type=list&rec_idx=49777518
(주)스카우트플랜,"펌웨어 개발(의료기기 분야 / 블루투스,C언어 기반)","펌웨어, C언어, 의료기기연구",서울 강남구,3 ~ 7년 · 정규직,학력무관,~01.27(월),43분 전 등록,https://www.saramin.co.kr/zf_user/jobs/relay/view?view_type=list&rec_idx=49777491
스카우트앤컴퍼니,"[자사 웹서비스 IT기업] 개발팀, DevOps팀 총괄 리드 개발자","웹개발, 반응형웹, 스크립트, 영상처리, 웹표준·웹접근성",서울 서초구,경력 9년↑ · 정규직,대학교(4년)↑,채용시,43분 전 등록,https://www.saramin.co.kr/zf_user/jobs/relay/view?view_type=list&rec_idx=49777488
(주)시스윈로보틱스,자율주행로봇(AMR) 설치 및 유지보수 신입/경력 모집,"기술지원, 유지보수, H/W, S/W",경기 화성시,신입 · 경력 · 정규직,"대학(2,3년)↑",채용시,44분 전 등록,https://www.saramin.co.kr/zf_user/jobs/relay/view?view_type=list&rec_idx=49777475
(주)에스엘즈,인공지능 개발자 채용,"딥러닝, 알고리즘, AI(인공지능), Tensorflow, BIM",경기 시흥시,경력 3년↑ · 정규직,대학교(4년)↑,채용시,44분 전 등록,https://www.saramin.co.kr/zf_user/jobs/relay/view?view_type=list&rec_idx=49777473
(주)다성테크,(주)다성테크 생산기술팀 설비유지보수 관리직 사원 모집,"기술지원, 유지보수, 솔루션, 인프라, 설비OP",경기 이천시 외,신입 · 정규직,"대학(2,3년)↑",~02.14(금),44분 전 등록,https://www.saramin.co.kr/zf_user/jobs/relay/view?view_type=list&rec_idx=49777471
피디에프솔루션세미컨덕터테크놀로지코리아(유),Python developer and customer service engineer,"기술지원, 데이터분석가, 데이터엔지니어, 유지보수, 클라우드",경기 화성시,경력 3년↑ · 정규직,대학교(4년)↑,~02.14(금),45분 전 등록,https://www.saramin.co.kr/zf_user/jobs/relay/view?view_type=list&rec_idx=49777462
템프인(주),[충무로/월280만/정규전환/신입O]유명기업(금융) 웹개발 채용,"백엔드/서버개발, 웹개발, 프론트엔드, SI개발, Java",서울 중구,경력 1년↑ · 파견직,"대학(2,3년)↑",~02.14(금),45분 전 등록,https://www.saramin.co.kr/zf_user/jobs/relay/view?view_type=list&rec_idx=49777460
(주)토페스,[기술연구소] AI 개발자 신규 채용의 건,"데이터분석가, 영상처리, 알고리즘개발, 딥러닝, 알고리즘",경기 남양주시,신입 · 경력 · 정규직,석사↑,~02.14(금),46분 전 등록,https://www.saramin.co.kr/zf_user/jobs/relay/view?view_type=list&rec_idx=49777458
조베이스(주),[프론트엔드] 프론트엔드개발자  경력직 모집,"웹개발, Angular, ECMAScript, HTML5, Javascript",서울 강남구,2 ~ 15년 · 정규직,대학교(4년)↑,~03.16(일),46분 전 등록,https://www.saramin.co.kr/zf_user/jobs/relay/view?view_type=list&rec_idx=49777454
(주)맥플러스,"[맥플러스] 기술 영업,관리 신입/경력 채용","기술지원, 기술영업, 영업관리, 영업지원, 영업직",서울 성동구,경력무관 · 정규직,"대학(2,3년)↑",~02.14(금),47분 전 등록,https://www.saramin.co.kr/zf_user/jobs/relay/view?view_type=list&rec_idx=49777440
위키에이드,SoC 임베디드 개발엔지니어,"임베디드, 펌웨어, FPGA, MCU, RTOS",서울전체 외,경력 3년↑ · 정규직,대학교(4년)↑,~02.14(금),49분 전 등록,https://www.saramin.co.kr/zf_user/jobs/relay/view?view_type=list&rec_idx=49777425
(주)스카우트플랜,"IT기획 4개분야(SCM PL, ERP(SAP) PL/PI, PLM/PMS PL, SAP ABAP","IT컨설팅, SE(시스템엔지니어), SI개발, ERP, SAP",인천 연수구,경력 3년↑ · 정규직,학력무관,~01.28(화),50분 전 등록,https://www.saramin.co.kr/zf_user/jobs/relay/view?view_type=list&rec_idx=49777412
(주)파이오링크,사이버위협분석팀 모의해킹/악성코드 분석가 인재 영입,"정보보안, 모의해킹, 악성코드, 취약점진단, 스크립트",서울 금천구,경력무관 · 정규직,학력무관,~02.14(금),50분 전 등록,https://www.saramin.co.kr/zf_user/jobs/relay/view?view_type=list&rec_idx=49777409
(주)에이디엔,"웹방화벽, 암복호화, 방화벽, VPN 구축 및 기술지원","기술지원, 보안컨설팅, 유지보수, 정보보안, 보안관제",서울 금천구,경력무관 · 정규직,"대학(2,3년)↑",~02.14(금),51분 전 등록,https://www.saramin.co.kr/zf_user/jobs/relay/view?view_type=list&rec_idx=49777396
경방산업,IT 기술개발  및 생산,"기술지원, 트러블슈팅, 사무직, 문서작성, 비품관리",인천 남동구,경력무관 · 정규직,"대학(2,3년)↑",~03.16(일),52분 전 등록,https://www.saramin.co.kr/zf_user/jobs/relay/view?view_type=list&rec_idx=49777379
스카우트앤컴퍼니,[AI 헬스케어] 백엔드 개발자 채용(3년 이상),"백엔드/서버개발, 앱개발, 웹개발, 풀스택, 프론트엔드",서울 강서구,경력 3년↑ · 정규직,대학교(4년)↑,채용시,1시간 전 등록,https://www.saramin.co.kr/zf_user/jobs/relay/view?view_type=list&rec_idx=49777286
(주)씨메스,AI로보틱스 어플리케이션 소프트웨어 개발자,"웹개발, 프론트엔드, S/W, C++, C언어",서울전체 외,신입 · 경력 · 정규직,"대학(2,3년)↑",~02.13(목),1시간 전 등록,https://www.saramin.co.kr/zf_user/jobs/relay/view?view_type=list&rec_idx=49777275
(주)씨메스,AI 로보틱스 SW 품질 QA 담당자,"웹개발, 프론트엔드, QA/테스터, SE(시스템엔지니어), 클라우드",서울전체 외,4 ~ 30년 · 정규직,"대학(2,3년)↑",~02.13(목),1시간 전 등록,https://www.saramin.co.kr/zf_user/jobs/relay/view?view_type=list&rec_idx=49777269
스카우트앤컴퍼니,[AI헬스케어] 자사서비스 AI개발자 채용(3년 이상),"데이터시각화, 딥러닝, 머신러닝, 모델링, 빅데이터",서울 강서구,경력 3년↑ · 정규직,대학교(4년)↑,채용시,1시간 전 등록,https://www.saramin.co.kr/zf_user/jobs/relay/view?view_type=list&rec_idx=49777218
(주)케이티아이에스,[월 273만] KT 기술혁신팀 단기 사무직 채용,"데이터분석가, DBA, QA/테스터, 검색엔진, 데이터시각화",서울 서초구 외,경력무관 · 파견직,"대학(2,3년)↑",채용시,1시간 전 등록,https://www.saramin.co.kr/zf_user/jobs/relay/view?view_type=list&rec_idx=49777207
(주)디오에프연구소,[DOF] Algorithm SW Engineer,"S/W, C++, C언어, CAD, CAM",서울전체 외,7 ~ 15년 · 정규직,대학교(4년)↑,~02.17(월),1시간 전 등록,https://www.saramin.co.kr/zf_user/jobs/relay/view?view_type=list&rec_idx=49777132
(주)제이투이,[IT보안 SM 남대문] IT 보안 운영 업무 보안솔루션 (2),"보안컨설팅, 정보보안, 보안관제, 네트워크, DLP",서울 종로구,경력 6년↑ · 프리랜서,"대학(2,3년)↑",~02.14(금),1시간 전 등록,https://www.saramin.co.kr/zf_user/jobs/relay/view?view_type=list&rec_idx=49777118
(주)린인터내셔널,패션브랜드 웹디자이너 (경력우대)/ 마케팅,"웹마스터, 블로그마케팅, 모바일마케팅, 브랜드마케팅, 마케팅기획",서울 강남구,경력(년수무관) · 정규직 외,"대학(2,3년)↑",~02.14(금),1시간 전 등록,https://www.saramin.co.kr/zf_user/jobs/relay/view?view_type=list&rec_idx=49777056
(주)스카우트플랜,가상화 기반 시스템 설계구현(VMware 엔지니어),"네트워크, VMware, Windows, Linux",서울 서초구,3 ~ 10년 · 정규직,학력무관,~01.31(금),1시간 전 등록,https://www.saramin.co.kr/zf_user/jobs/relay/view?view_type=list&rec_idx=49777026
에스케이쉴더스(주),보안운영 경력직 채용(SKIET 근무),"정보보안, 모의해킹, 취약점진단, 보안관제, 보안관리",서울 종로구,경력 3년↑ · 정규직,대학교(4년)↑,~02.02(일),1시간 전 등록,https://www.saramin.co.kr/zf_user/jobs/relay/view?view_type=list&rec_idx=49777020
(주)이엘온소프트,2025  금융기술지원팀 개발자 신입/경력 직원 채용,"웹개발, 유지보수, Java, Javascript, JSP",서울 구로구,신입 · 경력 · 정규직,"대학(2,3년)↑",~03.14(금),1시간 전 등록,https://www.saramin.co.kr/zf_user/jobs/relay/view?view_type=list&rec_idx=49777019
(주)스카우트플랜,"백업솔루션(Veritas, Commvault, Acronis) 기술경력","백엔드/서버개발, 네트워크, VMware, Windows, AWS",서울 서초구,3 ~ 10년 · 정규직,학력무관,~01.31(금),1시간 전 등록,https://www.saramin.co.kr/zf_user/jobs/relay/view?view_type=list&rec_idx=49776981
㈜정도UIT,(주)정도유아이티 SW기술연구소 신입/경력 직원 채용,"데이터분석가, 앱개발, Java, OracleDB, PostgreSQL",서울전체 외,신입 · 경력 · 정규직 외,학력무관,~02.14(금),1시간 전 등록,https://www.saramin.co.kr/zf_user/jobs/relay/view?view_type=list&rec_idx=49776970
휴먼리스펙,[IT기업] SW 테스트 엔지니어 (QA),"QA/테스터, API, Android, Python",경기 수원시 영통구,3 ~ 7년 · 정규직,"대학(2,3년)↑",~02.14(금),1시간 전 등록,https://www.saramin.co.kr/zf_user/jobs/relay/view?view_type=list&rec_idx=49776960
헌터스그룹(주),[강남[[유통서비스대기업] 인프라운영팀 소속 네트워크관리,"네트워크, 인프라, 유지보수, VPN, 아키텍쳐",서울 강남구,5 ~ 10년 · 정규직,대학교(4년)↑,~02.14(금),1시간 전 등록,https://www.saramin.co.kr/zf_user/jobs/relay/view?view_type=list&rec_idx=49776949
(주)아이스크림아트,프론트엔드개발 경력13년~,"웹개발, 프론트엔드, Javascript, Node.js, OpenGL",서울 강남구,경력 13년↑ · 정규직,고졸↑,~02.13(목),1시간 전 등록,https://www.saramin.co.kr/zf_user/jobs/relay/view?view_type=list&rec_idx=49776897
(주)아이스크림아트,프론트엔드개발 경력10년~,"웹개발, 프론트엔드, Javascript, Node.js, OpenGL",서울 강남구,10 ~ 13년 · 정규직,고졸↑,~02.13(목),1시간 전 등록,https://www.saramin.co.kr/zf_user/jobs/relay/view?view_type=list&rec_idx=49776893
(주)아이스크림아트,백엔드 개발 총괄 채용,"백엔드/서버개발, 웹개발, 웹마스터, 웹표준·웹접근성, 인프라",서울 강남구,7 ~ 10년 · 정규직,고졸↑,~02.13(목),1시간 전 등록,https://www.saramin.co.kr/zf_user/jobs/relay/view?view_type=list&rec_idx=49776885
(주)애드캡슐소프트,경력 프론트엔드 개발자 구인,"프론트엔드, ReactJS, TypeScript, Vue.js, API",서울 서초구,경력 3년↑ · 정규직,"대학(2,3년)↑",~02.14(금),1시간 전 등록,https://www.saramin.co.kr/zf_user/jobs/relay/view?view_type=list&rec_idx=49776874
우도닷컴(주),우도닷컴(주) 고객관리팀 정규직 (경력) 사원모집,"유지보수, IT영업, 솔루션, 영업, 솔루션교육",서울 성동구,3 ~ 10년 · 정규직,고졸↑,~02.14(금),1시간 전 등록,https://www.saramin.co.kr/zf_user/jobs/relay/view?view_type=list&rec_idx=49776855
우도닷컴(주),우도닷컴(주) 고객관리팀 정규직 (신입) 사원모집,"유지보수, IT영업, 솔루션, 영업, 솔루션교육",서울 성동구,신입 · 경력 · 정규직,고졸↑,~02.14(금),1시간 전 등록,https://www.saramin.co.kr/zf_user/jobs/relay/view?view_type=list&rec_idx=49776828
헌터스그룹(주),강남소재중견기업]네트워크관리(인프라),"네트워크, 유지보수, 인프라, VPN, 아키텍쳐",서울 강남구,5 ~ 10년 · 정규직,대학교(4년)↑,채용시,1시간 전 등록,https://www.saramin.co.kr/zf_user/jobs/relay/view?view_type=list&rec_idx=49776826
(주)인코스파트너스,[구로디지털단지/넷마블]IT헬프데스크 대규모 채용[대기업],"기술지원, 보안컨설팅, 유지보수, 정보보안, IT컨설팅",서울 구로구,경력무관 · 계약직,학력무관,~02.14(금),1시간 전 등록,https://www.saramin.co.kr/zf_user/jobs/relay/view?view_type=list&rec_idx=49776799
(주)선진이디에스,정보통신공사(기능사)/ 시공팀/현장설치/건설업,"정보통신, 시공기사",경기 용인시 처인구,신입 · 경력 · 정규직,학력무관,~02.14(금),1시간 전 등록,https://www.saramin.co.kr/zf_user/jobs/relay/view?view_type=list&rec_idx=49776793
(주)인코스파트너스,[구로디지털단지/대기업계열사/자체직 전환]뷰티브랜드 AMD 채용,"ERP, SAP, 영업MD, 기획MD, 리테일MD",서울 구로구,1 ~ 3년 · 계약직,학력무관,~02.14(금),1시간 전 등록,https://www.saramin.co.kr/zf_user/jobs/relay/view?view_type=list&rec_idx=49776790
엘림써치,(국내 석유화학 제조 대기업)  IT (네트워크 설계/운영),"백엔드/서버개발, 앱개발, 웹개발, IT컨설팅, ICT컨설팅",서울 중구,4 ~ 13년 · 정규직,대학교(4년)↑,~02.14(금),1시간 전 등록,https://www.saramin.co.kr/zf_user/jobs/relay/view?view_type=list&rec_idx=49776781
엘림써치,(국내 석유화학 제조 대기업) IT(SAP CO 모듈 운영 및 ABAP 개발,"게임개발, 백엔드/서버개발, 앱개발, 웹개발, GM(게임운영)",서울 중구,3 ~ 13년 · 정규직,대학교(4년)↑,~02.14(금),2시간 전 등록,https://www.saramin.co.kr/zf_user/jobs/relay/view?view_type=list&rec_idx=49776771
네이버클라우드(주),[NAVER Cloud] 구매 담당 (경력),"인프라, H/W, 컴플라이언스, 거래처관리, 구매대행/소싱",경기 성남시 분당구,경력 3년↑ · 정규직,학력무관,~01.31(금),2시간 전 등록,https://www.saramin.co.kr/zf_user/jobs/relay/view?view_type=list&rec_idx=49776768
네이버클라우드(주),[NAVER Cloud] Network Engineer (경력),"네트워크, 솔루션, 트러블슈팅, H/W",경기 성남시 분당구,경력 3년↑ · 정규직,학력무관,~02.03(월),2시간 전 등록,https://www.saramin.co.kr/zf_user/jobs/relay/view?view_type=list&rec_idx=49776765
네이버클라우드(주),[NAVER Cloud] 클라우드 보안 담당 (경력),"정보보안, 모의해킹, 취약점진단, 클라우드, IaaS",경기 성남시 분당구,3 ~ 10년 · 정규직,학력무관,~02.03(월),2시간 전 등록,https://www.saramin.co.kr/zf_user/jobs/relay/view?view_type=list&rec_idx=49776766
(주)스카우트,[정보보호] 정보 보안 담당자,"정보보안, 보안관제, 솔루션, 아키텍쳐, 정보보호",서울 강남구,경력 5년↑ · 정규직,대학교(4년)↑,채용시,2시간 전 등록,https://www.saramin.co.kr/zf_user/jobs/relay/view?view_type=list&rec_idx=49776746
(주)스카우트,금융권 마케팅(캠페인) 솔루션 분석/설계 컨설턴트,"IT컨설팅, SI개발, 빅데이터, 광고캠페인, 개발PM",서울 강남구,경력 5년↑ · 정규직,대학교(4년)↑,채용시,2시간 전 등록,https://www.saramin.co.kr/zf_user/jobs/relay/view?view_type=list&rec_idx=49776739
(주)스카우트,반도체 업종 PI/기준정보 컨설턴트,"IT컨설팅, 컨설턴트, 경영컨설팅, 경영혁신(PI), C++",서울 강남구,경력 5년↑ · 정규직,대학교(4년)↑,채용시,2시간 전 등록,https://www.saramin.co.kr/zf_user/jobs/relay/view?view_type=list&rec_idx=49776734
(주)스카우트,금융권/유통권 IT 솔루션 기술영업,"IT컨설팅, 솔루션기술영업, IT영업, SI영업, 빅데이터",서울 강남구,경력 5년↑ · 정규직,대학교(4년)↑,채용시,2시간 전 등록,https://www.saramin.co.kr/zf_user/jobs/relay/view?view_type=list&rec_idx=49776729
헌터스그룹(주),강남소재게임회사] Community Manager (3 년 이상),"게임개발, 개발PM",서울 강남구,경력 3년↑ · 정규직,대학교(4년)↑,채용시,2시간 전 등록,https://www.saramin.co.kr/zf_user/jobs/relay/view?view_type=list&rec_idx=49776725
(주)피라인모터스,각 분야별 신입 및 경력 채용,"기술지원, 데이터엔지니어, 웹개발, 유지보수, SE(시스템엔지니어)",서울전체 외,신입 · 경력 · 정규직,"대학(2,3년)↑",~02.16(일),2시간 전 등록,https://www.saramin.co.kr/zf_user/jobs/relay/view?view_type=list&rec_idx=49776718
(주)케이디아이씨,전산장비(IT인프라) 기술지원,"기술지원, 네트워크, 방화벽, 인프라",서울 영등포구,경력무관 · 정규직,"대학(2,3년)↑",D-7,2시간 전 등록,https://www.saramin.co.kr/zf_user/jobs/relay/view?view_type=list&rec_idx=49776712
(주)휴먼트리월드와이드,[ 데이터 솔루션  개발업체] 연구개발(JAVA)4년이상,"백엔드/서버개발, 프론트엔드, 딥러닝, 머신러닝, 빅데이터",서울 마포구,4 ~ 12년 · 정규직,대학교(4년)↑,~02.14(금),2시간 전 등록,https://www.saramin.co.kr/zf_user/jobs/relay/view?view_type=list&rec_idx=49776710
(주)휴먼트리월드와이드,[국내 물류솔루션전문기업]JAVA솔루션개발,"SI개발, Java, MSSQL, MySQL, Spring",서울 강남구,5 ~ 15년 · 정규직,대학교(4년)↑,~02.14(금),2시간 전 등록,https://www.saramin.co.kr/zf_user/jobs/relay/view?view_type=list&rec_idx=49776705
퍼시픽링스코리아유한책임회사,[퍼시픽링스코리아] 개발담당자 채용,"데이터엔지니어, API, Javascript, MariaDB, MySQL",서울 강남구,경력 3년↑ · 정규직 외,학력무관,~03.16(일),2시간 전 등록,https://www.saramin.co.kr/zf_user/jobs/relay/view?view_type=list&rec_idx=49776692
(주)코리아브레인,[외국계] IT 네트워크 엔지니어,"유지보수, 네트워크, 인프라, VPN",경기 부천시 원미구,5 ~ 12년 · 정규직,학력무관,~02.07(금),2시간 전 등록,https://www.saramin.co.kr/zf_user/jobs/relay/view?view_type=list&rec_idx=49776667
(주)리앤파트너,[국내최대 가상자산거래소 기업] 프론트엔드 개발실장 (정규직),"React, TypeScript, Vue.js, 프론트엔드",서울 서초구,경력 15년↑ · 정규직,대학교(4년)↑,~02.14(금),2시간 전 등록,https://www.saramin.co.kr/zf_user/jobs/relay/view?view_type=list&rec_idx=49776609
(주)위로,[(주)위로] 미용의료기기 하드웨어 개발 경력자,"기술지원, 펌웨어, H/W, 연구원, 기술연구",경기 안양시 동안구 외,3 ~ 13년 · 정규직,"대학(2,3년)↑",상시채용,2시간 전 등록,https://www.saramin.co.kr/zf_user/jobs/relay/view?view_type=list&rec_idx=49776581
(주)스포잇,웹 풀스택 개발자 (2년 이상),"백엔드/서버개발, 웹개발, 프론트엔드, 딥러닝, 머신러닝",서울 구로구,경력 2년↑ · 정규직,대학교(4년)↑,채용시,2시간 전 등록,https://www.saramin.co.kr/zf_user/jobs/relay/view?view_type=list&rec_idx=49776554
(주)헬로서치,업계 1위 대기업 ERP컨설팅/IT컨설팅/PI 대리-차장급(0명),"IT컨설팅, SAP, ABAP, 시스템설계, 품질관리",서울 강남구,경력 5년↑ · 정규직,대학교(4년)↑,~02.14(금),2시간 전 등록,https://www.saramin.co.kr/zf_user/jobs/relay/view?view_type=list&rec_idx=49776507
(주)헬로서치,국내 1군 게임사 AI센터 R&D 실장급 모집,"딥러닝, 머신러닝, 빅데이터, 알고리즘, IoT",서울 강남구,경력 15년↑ · 정규직,대학교(4년)↑,~02.14(금),2시간 전 등록,https://www.saramin.co.kr/zf_user/jobs/relay/view?view_type=list&rec_idx=49776495
(주)헬로서치,SI 회사 IT인재 각각(00명),"백엔드/서버개발, 웹개발, QA/테스터, 인프라, 클라우드",서울 강남구,경력 3년↑ · 정규직,학력무관,~02.14(금),2시간 전 등록,https://www.saramin.co.kr/zf_user/jobs/relay/view?view_type=list&rec_idx=49776479
서울아산병원,서울아산병원  빅데이터센터 & 정보의학과 연구원 모집,"데이터분석가, 데이터마이닝, 머신러닝, AI(인공지능), Python",서울 송파구,경력무관 · 위촉직,"대학(2,3년)↑",~02.14(금),2시간 전 등록,https://www.saramin.co.kr/zf_user/jobs/relay/view?view_type=list&rec_idx=49776478
(주)헬로서치,코스피 상장 대기업 메타버스 월드 배경모델러 시니어급,"AR(증강현실), 그래픽디자인, 모바일디자인, 앱디자인, 콘텐츠디자인",서울 강남구,경력 5년↑ · 정규직,학력무관,~02.14(금),2시간 전 등록,https://www.saramin.co.kr/zf_user/jobs/relay/view?view_type=list&rec_idx=49776469
(주)윙소프트,"java 웹개발 경력,정규/전자간편결제시스템 ,웹페이지","백엔드/서버개발, 웹개발, 프론트엔드, Java",서울 금천구,경력 5년↑ · 정규직,고졸↑,상시채용,2시간 전 등록,https://www.saramin.co.kr/zf_user/jobs/relay/view?view_type=list&rec_idx=49776459
(주)헬로서치,유명 IT기업 머신러닝 엔지니어 모집,"딥러닝, 머신러닝, 빅데이터, AI(인공지능), Docker",서울 강남구,경력 3년↑ · 정규직,학력무관,~02.14(금),2시간 전 등록,https://www.saramin.co.kr/zf_user/jobs/relay/view?view_type=list&rec_idx=49776458
(주)프로써치코리아,코스닥 상장사 판교 연구소 장비 SW 개발자(출장 X),"C언어, Java, Python, MCU, C++",경기 성남시 분당구,경력 3년↑ · 정규직,대학교(4년)↑,~02.14(금),2시간 전 등록,https://www.saramin.co.kr/zf_user/jobs/relay/view?view_type=list&rec_idx=49776457
(주)헬로서치,국내 10대 그룹계열사 WEB3 해외사업전략 및 분석 담당자 모집,"마케팅, 메타버스, 블록체인, SQL",서울 강남구,경력 3년↑ · 정규직,대학교(4년)↑,~02.14(금),2시간 전 등록,https://www.saramin.co.kr/zf_user/jobs/relay/view?view_type=list&rec_idx=49776450
(주)위드네트웍스,보안 솔루션 엔지니어 채용(경력),"보안컨설팅, 정보보안, CISO, Python, 유지보수",서울전체 외,3 ~ 5년 · 정규직,대학교(4년)↑,~02.14(금),2시간 전 등록,https://www.saramin.co.kr/zf_user/jobs/relay/view?view_type=list&rec_idx=49776436
(주)헬로서치,유명 1군 게임사 게임플랫폼 개발 담당자 모집,"WCF, .NET, C#, C++, WPF",서울 강남구,경력 3년↑ · 정규직,대학교(4년)↑,~02.14(금),2시간 전 등록,https://www.saramin.co.kr/zf_user/jobs/relay/view?view_type=list&rec_idx=49776433
에이치알제이(HRJ),미국계 반도체 장비회사 소프트웨어 엔지니어 팀원 모집,"기술지원, SE(시스템엔지니어), 임베디드, 정보통신, 컴퓨터비전",서울 서초구,경력 5년↑ · 정규직,대학교(4년)↑,~02.14(금),2시간 전 등록,https://www.saramin.co.kr/zf_user/jobs/relay/view?view_type=list&rec_idx=49776427
주식회사리얼월드에셋(RealworldassetInc),각 부문 신입/경력 채용,"블록체인, 영상디자이너, 영상자막, 영상제작, 영상편집",서울전체 외,신입 · 경력 · 정규직,학력무관,~02.28(금),2시간 전 등록,https://www.saramin.co.kr/zf_user/jobs/relay/view?view_type=list&rec_idx=49776426&adsCategoryItem=effect_bold&
(주)앤스시스템,"java 웹개발 경력,정규/전자간편결제시스템 ,웹페이지","백엔드/서버개발, 웹개발, 프론트엔드, Java, Javascript",서울 금천구,5 ~ 20년 · 정규직,학력무관,상시채용,2시간 전 등록,https://www.saramin.co.kr/zf_user/jobs/relay/view?view_type=list&rec_idx=49776422
(주)모스트피플,[SK브로드밴드/방송국] SK여주위성센터 관제/송출/미디어,"기술지원, 정보보안, 네트워크, 통/번역, 영어",경기 여주시,경력무관 · 정규직 외,학력무관,~02.14(금),2시간 전 등록,https://www.saramin.co.kr/zf_user/jobs/relay/view?view_type=list&rec_idx=49776415
에이치알제이(HRJ),[AI 전문회사/ 서울시 강남구] R&D 연구소장(CTO),"데이터분석가, 데이터라벨링, 데이터마이닝, 데이터시각화, 딥러닝",서울 강남구,경력 10년↑ · 정규직,석사↑,~02.14(금),2시간 전 등록,https://www.saramin.co.kr/zf_user/jobs/relay/view?view_type=list&rec_idx=49776409
에이치알제이(HRJ),미국반도체 장비회사 Field Application Engineer(FAE/신입가능),"FAE, C#, C++, C언어, FLEX",서울 서초구,신입 · 경력 · 정규직,대학교(4년)↑,~02.14(금),2시간 전 등록,https://www.saramin.co.kr/zf_user/jobs/relay/view?view_type=list&rec_idx=49776399
(주)헬로서치,코스피 상장 대형게임사 NFT 사업PM(영어 가능자),"마케팅, 메타버스, 블록체인",서울 강남구,경력 5년↑ · 정규직,고졸↑,~02.14(금),2시간 전 등록,https://www.saramin.co.kr/zf_user/jobs/relay/view?view_type=list&rec_idx=49776398
에이치알제이(HRJ),미국계 반도체 장비회사 Strategic Business Development 매니저,"C#, C++, VisualBasic, VisualC·C++, 기술영업",서울 서초구,경력 10년↑ · 정규직,대학교(4년)↑,~02.14(금),2시간 전 등록,https://www.saramin.co.kr/zf_user/jobs/relay/view?view_type=list&rec_idx=49776396
에이치알제이(HRJ),[AI 전문회사/ 서울시 강남구] AI 프로젝트 매니저,"데이터분석가, 앱개발, 데이터라벨링, 데이터마이닝, 데이터시각화",서울 강남구,경력 3년↑ · 정규직,대학교(4년)↑,~02.14(금),2시간 전 등록,https://www.saramin.co.kr/zf_user/jobs/relay/view?view_type=list&rec_idx=49776389
(주)헬로서치,유명게임사 C# 프로그래머 모집,"WCF, .NET, C#, C++, WPF",서울 강남구,경력 3년↑ · 정규직,대학교(4년)↑,~02.14(금),2시간 전 등록,https://www.saramin.co.kr/zf_user/jobs/relay/view?view_type=list&rec_idx=49776388
(주)코리아인,[수정구/대기업] 사무보조 및 팀 지원 모집 (자체직),"SAP, 더존, 계산서발행, 자금관리, 전표입력",서울전체 외,경력무관 · 계약직,대학교(4년)↑,~02.14(금),2시간 전 등록,https://www.saramin.co.kr/zf_user/jobs/relay/view?view_type=list&rec_idx=49776386
에이치알제이(HRJ),미국계 반도체 장비회사 PCB SI-PI Simulation 엔지니어 모집,"Verilog, 기술엔지니어, 회로설계, 반도체설계, FPCB",서울 서초구,경력 5년↑ · 정규직,대학교(4년)↑,~02.14(금),2시간 전 등록,https://www.saramin.co.kr/zf_user/jobs/relay/view?view_type=list&rec_idx=49776378
에이치알제이(HRJ),미국계 반도체 장비회사 Product Support Engineer 모집,"기술지원, FAE, SE(시스템엔지니어), 솔루션, 임베디드",서울 서초구,1 ~ 9년 · 정규직,대학교(4년)↑,~02.14(금),2시간 전 등록,https://www.saramin.co.kr/zf_user/jobs/relay/view?view_type=list&rec_idx=49776374
(주)헬로서치,업계 1위 대기업 전사 IT 개발자(서버) 과장/차장급 모집,"백엔드/서버개발, IoT, API, DevOps, AWS",서울 강남구,경력 5년↑ · 정규직,학력무관,~02.14(금),2시간 전 등록,https://www.saramin.co.kr/zf_user/jobs/relay/view?view_type=list&rec_idx=49776370
(주)헬로서치,유명 1군 게임사 AI센터 인프라 구축 및 시스템 운영 담당 모집,"인프라, 클라우드, DevOps, AWS, Azure",서울 강남구,경력 4년↑ · 정규직,학력무관,~02.14(금),2시간 전 등록,https://www.saramin.co.kr/zf_user/jobs/relay/view?view_type=list&rec_idx=49776354
(주)맨토스파워,[글로벌 마케팅 리서치기업] Data Analyst 경력직 채용,"데이터분석가, 빅데이터, 데이터분석, Python, R",서울 마포구,경력 5년↑ · 정규직,대학교(4년)↑,~02.14(금),2시간 전 등록,https://www.saramin.co.kr/zf_user/jobs/relay/view?view_type=list&rec_idx=49776338
(주)헬로서치,코스피 상장 대기업 VR자회사 Technical Artist 모집,"AR(증강현실), C++, Unreal",서울 강남구,경력 4년↑ · 정규직,대학교(4년)↑,~02.14(금),2시간 전 등록,https://www.saramin.co.kr/zf_user/jobs/relay/view?view_type=list&rec_idx=49776324
(주)헬로서치,코스피 상장 대기업 VR자회사 디자인부문 전분야 모집,"AR(증강현실), 그래픽디자인, 모션그래픽, 인포그래픽, VFX",서울 강남구,경력 2년↑ · 정규직,대학교(4년)↑,~02.14(금),2시간 전 등록,https://www.saramin.co.kr/zf_user/jobs/relay/view?view_type=list&rec_idx=49776294
엠이케이솔루션즈,롤투롤 필름 비전검사 영업/개발/서비스 (이물검사),"이미지프로세싱, 컴퓨터비전, B2B, 광학설계, 광학/렌즈",인천 부평구,경력 10년↑ · 정규직,대학교(4년)↑,~03.16(일),3시간 전 등록,https://www.saramin.co.kr/zf_user/jobs/relay/view?view_type=list&rec_idx=49776280
(주)헬로서치,I군 게임사 AI센터 PMO 모집,"IT컨설팅, SAP, ABAP, 시스템설계, PM(프로젝트매니저)",서울 강남구,경력 5년↑ · 정규직,대학교(4년)↑,~02.14(금),3시간 전 등록,https://www.saramin.co.kr/zf_user/jobs/relay/view?view_type=list&rec_idx=49776278
(주)모스트피플,[SK브로드밴드/방송국] SK여주위성센터 관제/송출/미디어,"기술지원, 정보보안, 네트워크, 통/번역, 영어",경기 여주시,경력무관 · 정규직 외,학력무관,~02.14(금),2시간 전 등록,https://www.saramin.co.kr/zf_user/jobs/relay/view?view_type=list&rec_idx=49776415
에이치알제이(HRJ),[AI 전문회사/ 서울시 강남구] R&D 연구소장(CTO),"데이터분석가, 데이터라벨링, 데이터마이닝, 데이터시각화, 딥러닝",서울 강남구,경력 10년↑ · 정규직,석사↑,~02.14(금),2시간 전 등록,https://www.saramin.co.kr/zf_user/jobs/relay/view?view_type=list&rec_idx=49776409
에이치알제이(HRJ),미국반도체 장비회사 Field Application Engineer(FAE/신입가능),"FAE, C#, C++, C언어, FLEX",서울 서초구,신입 · 경력 · 정규직,대학교(4년)↑,~02.14(금),2시간 전 등록,https://www.saramin.co.kr/zf_user/jobs/relay/view?view_type=list&rec_idx=49776399
(주)헬로서치,코스피 상장 대형게임사 NFT 사업PM(영어 가능자),"마케팅, 메타버스, 블록체인",서울 강남구,경력 5년↑ · 정규직,고졸↑,~02.14(금),2시간 전 등록,https://www.saramin.co.kr/zf_user/jobs/relay/view?view_type=list&rec_idx=49776398
에이치알제이(HRJ),미국계 반도체 장비회사 Strategic Business Development 매니저,"C#, C++, VisualBasic, VisualC·C++, 기술영업",서울 서초구,경력 10년↑ · 정규직,대학교(4년)↑,~02.14(금),2시간 전 등록,https://www.saramin.co.kr/zf_user/jobs/relay/view?view_type=list&rec_idx=49776396
에이치알제이(HRJ),[AI 전문회사/ 서울시 강남구] AI 프로젝트 매니저,"데이터분석가, 앱개발, 데이터라벨링, 데이터마이닝, 데이터시각화",서울 강남구,경력 3년↑ · 정규직,대학교(4년)↑,~02.14(금),2시간 전 등록,https://www.saramin.co.kr/zf_user/jobs/relay/view?view_type=list&rec_idx=49776389
(주)헬로서치,유명게임사 C# 프로그래머 모집,"WCF, .NET, C#, C++, WPF",서울 강남구,경력 3년↑ · 정규직,대학교(4년)↑,~02.14(금),2시간 전 등록,https://www.saramin.co.kr/zf_user/jobs/relay/view?view_type=list&rec_idx=49776388
(주)코리아인,[수정구/대기업] 사무보조 및 팀 지원 모집 (자체직),"SAP, 더존, 계산서발행, 자금관리, 전표입력",서울전체 외,경력무관 · 계약직,대학교(4년)↑,~02.14(금),2시간 전 등록,https://www.saramin.co.kr/zf_user/jobs/relay/view?view_type=list&rec_idx=49776386
에이치알제이(HRJ),미국계 반도체 장비회사 PCB SI-PI Simulation 엔지니어 모집,"Verilog, 기술엔지니어, 회로설계, 반도체설계, FPCB",서울 서초구,경력 5년↑ · 정규직,대학교(4년)↑,~02.14(금),2시간 전 등록,https://www.saramin.co.kr/zf_user/jobs/relay/view?view_type=list&rec_idx=49776378
에이치알제이(HRJ),미국계 반도체 장비회사 Product Support Engineer 모집,"기술지원, FAE, SE(시스템엔지니어), 솔루션, 임베디드",서울 서초구,1 ~ 9년 · 정규직,대학교(4년)↑,~02.14(금),2시간 전 등록,https://www.saramin.co.kr/zf_user/jobs/relay/view?view_type=list&rec_idx=49776374
(주)헬로서치,업계 1위 대기업 전사 IT 개발자(서버) 과장/차장급 모집,"백엔드/서버개발, IoT, API, DevOps, AWS",서울 강남구,경력 5년↑ · 정규직,학력무관,~02.14(금),2시간 전 등록,https://www.saramin.co.kr/zf_user/jobs/relay/view?view_type=list&rec_idx=49776370
(주)헬로서치,유명 1군 게임사 AI센터 인프라 구축 및 시스템 운영 담당 모집,"인프라, 클라우드, DevOps, AWS, Azure",서울 강남구,경력 4년↑ · 정규직,학력무관,~02.14(금),3시간 전 등록,https://www.saramin.co.kr/zf_user/jobs/relay/view?view_type=list&rec_idx=49776354
(주)맨토스파워,[글로벌 마케팅 리서치기업] Data Analyst 경력직 채용,"데이터분석가, 빅데이터, 데이터분석, Python, R",서울 마포구,경력 5년↑ · 정규직,대학교(4년)↑,~02.14(금),3시간 전 등록,https://www.saramin.co.kr/zf_user/jobs/relay/view?view_type=list&rec_idx=49776338
(주)헬로서치,코스피 상장 대기업 VR자회사 Technical Artist 모집,"AR(증강현실), C++, Unreal",서울 강남구,경력 4년↑ · 정규직,대학교(4년)↑,~02.14(금),3시간 전 등록,https://www.saramin.co.kr/zf_user/jobs/relay/view?view_type=list&rec_idx=49776324
(주)헬로서치,코스피 상장 대기업 VR자회사 디자인부문 전분야 모집,"AR(증강현실), 그래픽디자인, 모션그래픽, 인포그래픽, VFX",서울 강남구,경력 2년↑ · 정규직,대학교(4년)↑,~02.14(금),3시간 전 등록,https://www.saramin.co.kr/zf_user/jobs/relay/view?view_type=list&rec_idx=49776294
엠이케이솔루션즈,롤투롤 필름 비전검사 영업/개발/서비스 (이물검사),"이미지프로세싱, 컴퓨터비전, B2B, 광학설계, 광학/렌즈",인천 부평구,경력 10년↑ · 정규직,대학교(4년)↑,~03.16(일),3시간 전 등록,https://www.saramin.co.kr/zf_user/jobs/relay/view?view_type=list&rec_idx=49776280
(주)헬로서치,I군 게임사 AI센터 PMO 모집,"IT컨설팅, SAP, ABAP, 시스템설계, PM(프로젝트매니저)",서울 강남구,경력 5년↑ · 정규직,대학교(4년)↑,~02.14(금),3시간 전 등록,https://www.saramin.co.kr/zf_user/jobs/relay/view?view_type=list&rec_idx=49776278
(주)맨텍솔루션,고가용 클러스터 개발자 채용 (주1회 출근/재택),"데이터엔지니어, 백엔드/서버개발, 웹개발, 유지보수, 네트워크",서울 성동구,신입 · 경력 · 정규직,대학교(4년)↑,채용시,3시간 전 등록,https://www.saramin.co.kr/zf_user/jobs/relay/view?view_type=list&rec_idx=49776277
(주)하이큐시스템,유지보수 전산(OA) 서비스 직원 정규직 채용,"유지보수, H/W, S/W",경기 성남시 분당구,경력무관 · 정규직,고졸↑,~02.14(금),3시간 전 등록,https://www.saramin.co.kr/zf_user/jobs/relay/view?view_type=list&rec_idx=49776240
(주)웨어포인트,(정규)클라우드(AWS) 서버  시스템 엔지니어 모집,"백엔드/서버개발, SE(시스템엔지니어), 클라우드, AWS, Docker",서울 강남구,경력 1년↑ · 정규직,대학교(4년)↑,채용시,3시간 전 등록,https://www.saramin.co.kr/zf_user/jobs/relay/view?view_type=list&rec_idx=49776235
와디즈(주),백엔드 개발 (CORE개발/주문.결제),"백엔드/서버개발, 웹개발, 프론트엔드, DBA, SE(시스템엔지니어)",경기전체 외,10 ~ 17년 · 정규직,대학교(4년)↑,~02.17(월),3시간 전 등록,https://www.saramin.co.kr/zf_user/jobs/relay/view?view_type=list&rec_idx=49776228
(주)웨이센,Medical AI Research Engineer(Senior),"데이터분석가, SE(시스템엔지니어), 데이터마이닝, 데이터시각화, 딥러닝",서울전체 외,5 ~ 10년 · 정규직,대학교(4년)↑,~02.13(목),3시간 전 등록,https://www.saramin.co.kr/zf_user/jobs/relay/view?view_type=list&rec_idx=49776223
알서포트(주),[코스닥 상장사] Solution 웹 Full Stack 개발자 경력 채용,"기술지원, 웹개발, 유지보수, SI개발, 솔루션",서울전체 외,경력 3년↑ · 정규직,학력무관,상시채용,3시간 전 등록,https://www.saramin.co.kr/zf_user/jobs/relay/view?view_type=list&rec_idx=49776219
(주) 더블유닷에이아이,프론트앤드 개발자 채용,"백엔드/서버개발, API, React",서울 서초구,2 ~ 10년 · 정규직,학력무관,상시채용,3시간 전 등록,https://www.saramin.co.kr/zf_user/jobs/relay/view?view_type=list&rec_idx=49776213
한국로슈진단(주),각 부문별 직원 채용,"기술지원, 데이터엔지니어, 유지보수, IT컨설팅, SE(시스템엔지니어)",서울전체 외,신입 · 경력 · 정규직,대학교(4년)↑,~01.27(월),3시간 전 등록,https://www.saramin.co.kr/zf_user/jobs/relay/view?view_type=list&rec_idx=49776203&adsCategoryItem=effect_bold&
(주) 더블유닷에이아이,백앤드(Java) 개발자 채용,"백엔드/서버개발, API, AWS, Docker, Java",서울 서초구,5 ~ 10년 · 정규직,학력무관,상시채용,3시간 전 등록,https://www.saramin.co.kr/zf_user/jobs/relay/view?view_type=list&rec_idx=49776195
유스엠(주),[2025년 상반기 유스엠] 영업팀 신입 및 경력사원채용,"웹개발, 유지보수, SI개발, 네트워크, 솔루션",서울 금천구,신입 · 경력 · 정규직,"대학(2,3년)↑",~02.14(금),3시간 전 등록,https://www.saramin.co.kr/zf_user/jobs/relay/view?view_type=list&rec_idx=49776194
지오씨,[삼성전자상주협력사] 4조3교대 물류장비 +유지보수 +엔지니어,"유지보수, 설비OP, 장비/공구, 설비보수, 하자보수",충남 천안시 서북구 외,경력무관 · 정규직,학력무관,~02.14(금),3시간 전 등록,https://www.saramin.co.kr/zf_user/jobs/relay/view?view_type=list&rec_idx=49776176
나우써치,[보안솔루션 강소기업] 보안컨설팅 보안컨설턴트,"보안컨설팅, ICT컨설팅, 솔루션, 기술영업, 네트워크영업",서울 마포구,3 ~ 20년 · 정규직,"대학(2,3년)↑",~02.14(금),3시간 전 등록,https://www.saramin.co.kr/zf_user/jobs/relay/view?view_type=list&rec_idx=49776149
나우써치,[보안솔루션강소기업] 해외인증 국제인증 담당,"정보보안, 인증심사원, 품질관리, 네트워크, 클라우드",서울 마포구,2 ~ 10년 · 정규직,"대학(2,3년)↑",~02.14(금),3시간 전 등록,https://www.saramin.co.kr/zf_user/jobs/relay/view?view_type=list&rec_idx=49776140
(주)코리아인,[유명 게임업계] LQA 테스트 모집,"게임개발, GM(게임운영), QA/테스터, 통/번역, 일본어",서울전체 외,경력무관 · 계약직,"대학(2,3년)↑",~01.24(금),3시간 전 등록,https://www.saramin.co.kr/zf_user/jobs/relay/view?view_type=list&rec_idx=49776136
나우써치,[보안솔루션 강소기업] 풀스택개발(JAVA) 5년이상,"Git, Java, Javascript, JPA, jQuery",서울 마포구,5 ~ 15년 · 정규직,"대학(2,3년)↑",~02.14(금),3시간 전 등록,https://www.saramin.co.kr/zf_user/jobs/relay/view?view_type=list&rec_idx=49776135
(주)키스템프그룹,[유명중견기업] 물류시스템팀 개발팀장(Java/WMS/SCM),"백엔드/서버개발, 앱개발, 웹개발, SE(시스템엔지니어), SI개발",서울전체 외,경력 10년↑ · 정규직,대학교(4년)↑,~01.30(목),3시간 전 등록,https://www.saramin.co.kr/zf_user/jobs/relay/view?view_type=list&rec_idx=49776120
(주)맨토스파워,[식품대기업] 데이터분석 경력직 채용/(8년-13년),"데이터분석가, 모델링, 데이터 사이언티스트, 머신러닝, 알고리즘",서울전체 외,8 ~ 13년 · 정규직,대학교(4년)↑,~02.14(금),3시간 전 등록,https://www.saramin.co.kr/zf_user/jobs/relay/view?view_type=list&rec_idx=49776111
(주)키스템프그룹,[Java개발] 대시보드/모니터링/IoT데이터통합관제,"백엔드/서버개발, 앱개발, 웹개발, 솔루션, API",서울전체 외,4 ~ 12년 · 정규직,"대학(2,3년)↑",~01.30(목),3시간 전 등록,https://www.saramin.co.kr/zf_user/jobs/relay/view?view_type=list&rec_idx=49776108
(주)키스템프그룹,[데이터엔지니어] SAP Datasphere/SAC,"데이터분석가, 데이터엔지니어, DBA, ICT컨설팅, 데이터라벨링",서울전체 외,경력 5년↑ · 정규직,대학교(4년)↑,~01.30(목),3시간 전 등록,https://www.saramin.co.kr/zf_user/jobs/relay/view?view_type=list&rec_idx=49776093
(주)키스템프그룹,[Azure클라우드엔지니어] SA(솔루션아키텍트/인프라),"기술지원, IT컨설팅, SE(시스템엔지니어), SI개발, 네트워크",서울전체 외,3 ~ 10년 · 정규직,학력무관,~01.30(목),3시간 전 등록,https://www.saramin.co.kr/zf_user/jobs/relay/view?view_type=list&rec_idx=49776078
(주)키스템프그룹,[중견물류기업] 자동화설비제어 IT개발(PLC/Java/C#),"솔루션, IoT, S/W, C#, Java",서울전체 외,1 ~ 6년 · 정규직,대학교(4년)↑,~01.30(목),3시간 전 등록,https://www.saramin.co.kr/zf_user/jobs/relay/view?view_type=list&rec_idx=49776072
(주)키스템프그룹,[중견물류기업] IoT기반 Java개발(MQTT/대시보드/물류추적),"백엔드/서버개발, 앱개발, 웹개발, 빅데이터, 임베디드",서울전체 외,경력 4년↑ · 정규직,대학교(4년)↑,~01.30(목),3시간 전 등록,https://www.saramin.co.kr/zf_user/jobs/relay/view?view_type=list&rec_idx=49776067
(주)키스템프그룹,[MS총판社] Pre-Sales/M365/컨설팅,"기술지원, IT컨설팅, SE(시스템엔지니어), SI개발, 솔루션",서울전체 외,4 ~ 11년 · 정규직,학력무관,~01.30(목),3시간 전 등록,https://www.saramin.co.kr/zf_user/jobs/relay/view?view_type=list&rec_idx=49776060
(주)레디포스트,[스타트업] 서비스 운영 매니저,"사무보조, 전화응대, 영업지원, 영업, B2B",서울 강남구,경력무관 · 정규직,고졸↑,~02.14(금),3시간 전 등록,https://www.saramin.co.kr/zf_user/jobs/relay/view?view_type=list&rec_idx=49776046
(주)홈체크,프론트엔드/웹풀스택 개발자채용 (20억+투자),"웹개발, 웹마스터, 프론트엔드",서울전체 외,5 ~ 7년 · 정규직,고졸↑,~02.13(목),3시간 전 등록,https://www.saramin.co.kr/zf_user/jobs/relay/view?view_type=list&rec_idx=49776014
(주)글로벌에이치알코리아,WEB/WAS 엔지니어 경력자 채용,"SE(시스템엔지니어), 기술지원, 미들웨어, 빅데이터, 클라우드",서울 성동구,4 ~ 13년 · 정규직,"대학(2,3년)↑",~02.14(금),3시간 전 등록,https://www.saramin.co.kr/zf_user/jobs/relay/view?view_type=list&rec_idx=49776010
에이치로보틱스(주),[재활로봇] 의료기기 기구설계 팀장급 채용,"펌웨어, S/W, 연구원, R&D, R&D기획",인천 연수구,경력 5년↑ · 정규직,대학교(4년)↑,~03.16(일),3시간 전 등록,https://www.saramin.co.kr/zf_user/jobs/relay/view?view_type=list&rec_idx=49776002
㈜대농,[대농] 경영지원부 전산팀 경력사원 채용,"백엔드/서버개발, 보안컨설팅, 정보보안, APM, ERP",서울 강남구,경력 · 정규직,대학교(4년)↑,~01.28(화),3시간 전 등록,https://www.saramin.co.kr/zf_user/jobs/relay/view?view_type=list&rec_idx=49775998
(주)스틸리언,레드팀 오펜시브 전문가 - 사이버 보안 벤처기업[병역특례 가능],"정보보안, 모의해킹, Python",서울 용산구,경력무관 · 정규직,학력무관,채용시,3시간 전 등록,https://www.saramin.co.kr/zf_user/jobs/relay/view?view_type=list&rec_idx=49775986
성남그린컴퓨터아카데미,"25년 정보보안분야(정보시스템구축,사이버보안) 전문강사 채용건","데이터분석가, 데이터엔지니어, 웹개발, 정보보안, CISO",경기 성남시 분당구,경력무관 · 파트 외,학력무관,~02.14(금),3시간 전 등록,https://www.saramin.co.kr/zf_user/jobs/relay/view?view_type=list&rec_idx=49775974
(주)키스템프그룹,[IT대기업] SAP ABAP(MM/PM/항공정비ERP),"ERP, SAP, ABAP, IT컨설팅, SCM",서울전체 외,경력 1년↑ · 정규직,대학교(4년)↑,~01.30(목),3시간 전 등록,https://www.saramin.co.kr/zf_user/jobs/relay/view?view_type=list&rec_idx=49775950
(주)에이텍,상반기 부문별 인재 채용,"앱개발, 유지보수, SE(시스템엔지니어), SI개발, 솔루션",경기전체 외,신입 · 경력 · 정규직,고졸↑,~02.13(목),3시간 전 등록,https://www.saramin.co.kr/zf_user/jobs/relay/view?view_type=list&rec_idx=49775929
(주)서진테크놀로지,[기술부설연구소] 하드웨어 엔지니어 경력사원 채용,"기술지원, H/W, IoT단말기설계, 전력계측장치개발, 시제품제작및시험",경기 군포시,경력 2년↑ · 정규직,"대학(2,3년)↑",~02.14(금),3시간 전 등록,https://www.saramin.co.kr/zf_user/jobs/relay/view?view_type=list&rec_idx=49775928
(주)아이쿱,[아이쿱] 개발본부 백엔드 개발자 모집,"백엔드/서버개발, 유지보수, 클라우드, 헬스케어, Git",서울 강남구,1 ~ 6년 · 정규직,학력무관,~01.31(금),3시간 전 등록,https://www.saramin.co.kr/zf_user/jobs/relay/view?view_type=list&rec_idx=49775916
(주)넥스트그리드,(주)넥스트그리드 [연구본부 PCB Artwork 개발] 채용,"H/W, 연구원, PCB, SMT, 신재생에너지",경기 용인시 처인구,경력무관 · 정규직,"대학(2,3년)↑",채용시,3시간 전 등록,https://www.saramin.co.kr/zf_user/jobs/relay/view?view_type=list&rec_idx=49775917
(주)바텍,인프라(시스템 엔지니어) 개발자,"백엔드/서버개발, 웹개발, SE(시스템엔지니어), 인프라, DevOps",경기전체 외,신입 · 경력 · 정규직,대학교(4년)↑,~01.31(금),3시간 전 등록,https://www.saramin.co.kr/zf_user/jobs/relay/view?view_type=list&rec_idx=49775879
동호에이치알(주),[여의도/대기업] 현대카드 카드Collection기획팀 비서 채용,"기술지원, 데이터분석가, QA/테스터, SI개발, SQL",서울 영등포구,경력무관 · 계약직,대학교(4년)↑,~02.14(금),3시간 전 등록,https://www.saramin.co.kr/zf_user/jobs/relay/view?view_type=list&rec_idx=49775874
셋시큐리티,프론트엔드 개발(React-TS),"정보보안, SI개발, 사이트관리, 콘텐츠관리, RFP(제안요청서)",서울 동대문구,신입 · 정규직,학력무관,~02.14(금),3시간 전 등록,https://www.saramin.co.kr/zf_user/jobs/relay/view?view_type=list&rec_idx=49775873
(주)이슬림테크,[정규직]KT IDC 여의도 데이터센터 직원 모집,"기술지원, 유지보수, 네트워크, H/W, IDC",서울 영등포구,경력무관 · 정규직,"대학(2,3년)↑",~02.14(금),3시간 전 등록,https://www.saramin.co.kr/zf_user/jobs/relay/view?view_type=list&rec_idx=49775851
(주)메이크인,[서울 을지로/신입가능/대기업] 한화오션 사무행정(인재개발),"SAP, 경리, 세무회계, 자금관리, 전표입력",서울전체 외,경력무관 · 계약직 외,학력무관,상시채용,3시간 전 등록,https://www.saramin.co.kr/zf_user/jobs/relay/view?view_type=list&rec_idx=49775826
(주)나눔컴퍼니,[부설연구소] 전자회로 설계 / 펌웨어(MCU) 설계 지원자 모집,"펌웨어, MCU, 연구원, R&D, R&D기획",서울 마포구,신입 · 경력 · 정규직,대학교(4년)↑,~03.16(일),3시간 전 등록,https://www.saramin.co.kr/zf_user/jobs/relay/view?view_type=list&rec_idx=49775823
(주)그룹엠코리아,[GroupM Korea] Application Developer 개발자 모집,"기술지원, 데이터엔지니어, 앱개발, 웹개발, 정보보안",서울 용산구,5 ~ 15년 · 정규직,대학교(4년)↑,채용시,3시간 전 등록,https://www.saramin.co.kr/zf_user/jobs/relay/view?view_type=list&rec_idx=49775815
디토닉(주),[디토닉] UI/UX 설계 기획자,"솔루션, UI/UX디자인, UI/UX, 빅데이터, 클라우드",경기 성남시 분당구,3 ~ 10년 · 정규직,학력무관,~02.14(금),3시간 전 등록,https://www.saramin.co.kr/zf_user/jobs/relay/view?view_type=list&rec_idx=49775803
(주)티에스,MS Office365 및 그룹웨어 운영 지원,"기술지원, 네트워크, 솔루션, 인프라, 클라우드",서울 강남구,경력무관 · 정규직,학력무관,~02.14(금),3시간 전 등록,https://www.saramin.co.kr/zf_user/jobs/relay/view?view_type=list&rec_idx=49775798
티맵모빌리티(주),[티맵모빌리티] Data 조직 (리더),"기술지원, 데이터분석가, 데이터엔지니어, 백엔드/서버개발, 앱개발",서울 중구,경력 10년↑ · 정규직,"대학(2,3년)↑",~02.14(금),3시간 전 등록,https://www.saramin.co.kr/zf_user/jobs/relay/view?view_type=list&rec_idx=49775740
유엔브이코리아 유한책임회사,[서울] 유니뷰 CCTV 기술 지원(SE) 신입&경력 모집,"기술지원, SE(시스템엔지니어), 기술영업, 솔루션기술영업, 네트워크",서울 구로구,경력무관 · 계약직 외,대학교(4년)↑,~03.16(일),3시간 전 등록,https://www.saramin.co.kr/zf_user/jobs/relay/view?view_type=list&rec_idx=49775725
(주)피케이엘앤에스,하드웨어 엔지니어 채용 공고,"임베디드, H/W, MCU, 펌웨어",인천 부평구,경력무관 · 정규직,학력무관,~02.14(금),3시간 전 등록,https://www.saramin.co.kr/zf_user/jobs/relay/view?view_type=list&rec_idx=49775720
커리어서포트,Oracle DBA 기술지원 경력 모집합니다(정규직),"기술지원, DBA, DBMS, OracleDB, SQL",서울 영등포구,경력 8년↑ · 정규직,"대학(2,3년)↑",~02.14(금),3시간 전 등록,https://www.saramin.co.kr/zf_user/jobs/relay/view?view_type=list&rec_idx=49775714
(주)호론,MASK CD-SEM장비 Application 엔지니어 모집,"기술지원, 데이터분석가, 데이터엔지니어, SE(시스템엔지니어), 트러블슈팅",경기 수원시 영통구,경력무관 · 정규직,대학교(4년)↑,~02.14(금),3시간 전 등록,https://www.saramin.co.kr/zf_user/jobs/relay/view?view_type=list&rec_idx=49775708
(주)스페이스린텍,우주의학플랫폼 개발본부 전기/전자 엔지니어,"C++, Python, R&D, CAD, 트러블슈팅",경기 용인시 기흥구,경력 1년↑ · 정규직,대학교(4년)↑,채용시,3시간 전 등록,https://www.saramin.co.kr/zf_user/jobs/relay/view?view_type=list&rec_idx=49775652
(주)퍼즐시스템즈,IT 지원 엔지니어(상주/분당) 채용,"기술지원, 유지보수, SE(시스템엔지니어), 네트워크, 인프라",경기 성남시 분당구,2 ~ 5년 · 정규직,"대학(2,3년)↑",~02.14(금),3시간 전 등록,https://www.saramin.co.kr/zf_user/jobs/relay/view?view_type=list&rec_idx=49775635
(주)에이앤티솔루션,"JAVA / JSP / Spring,  웹개발자 경력 채용 (분당-유지보수)","백엔드/서버개발, 웹개발, 프론트엔드, Ajax, Eclipse",경기 성남시 분당구,7 ~ 20년 · 정규직,학력무관,~02.14(금),4시간 전 등록,https://www.saramin.co.kr/zf_user/jobs/relay/view?view_type=list&rec_idx=49775598
(주)토르드라이브,Software Engineer – Path Planning / Motion Control,"SE(시스템엔지니어), 인프라, DevOps, S/W, C++",서울전체 외,3 ~ 10년 · 정규직,대학교(4년)↑,~02.14(금),4시간 전 등록,https://www.saramin.co.kr/zf_user/jobs/relay/view?view_type=list&rec_idx=49775540
(주)토르드라이브,DevOps 엔지니어,"웹개발, SE(시스템엔지니어), 인프라, DevOps, S/W",서울전체 외,3 ~ 10년 · 정규직,대학교(4년)↑,~02.14(금),4시간 전 등록,https://www.saramin.co.kr/zf_user/jobs/relay/view?view_type=list&rec_idx=49775538
(주)토르드라이브,FMS 설계 및 개발 소프트웨어 엔지니어,"웹개발, 프론트엔드, SE(시스템엔지니어), 인프라, DevOps",서울전체 외,3 ~ 10년 · 정규직,대학교(4년)↑,~02.14(금),4시간 전 등록,https://www.saramin.co.kr/zf_user/jobs/relay/view?view_type=list&rec_idx=49775535
(주)토르드라이브,Senior Software Engineer : Perception-전문연구요원 가능,"SE(시스템엔지니어), 인프라, DevOps, C++, C언어",서울전체 외,3 ~ 10년 · 정규직,석사↑,~02.14(금),4시간 전 등록,https://www.saramin.co.kr/zf_user/jobs/relay/view?view_type=list&rec_idx=49775533
(주)한국비즈넷,[고객서비스팀] 한국비즈넷 물류 솔루션 고객응대/상담,"솔루션, ERP, 항공무역, 해상무역, IT영업",서울 구로구,경력(년수무관) · 정규직,고졸↑,채용시,4시간 전 등록,https://www.saramin.co.kr/zf_user/jobs/relay/view?view_type=list&rec_idx=49775532
(주)토르드라이브,Senior Software Engineer - Embedded AI,"데이터분석가, SE(시스템엔지니어), 딥러닝, 머신러닝, 블록체인",서울전체 외,3 ~ 10년 · 정규직,대학교(4년)↑,~02.14(금),4시간 전 등록,https://www.saramin.co.kr/zf_user/jobs/relay/view?view_type=list&rec_idx=49775530
(주)토르드라이브,Robotics Software Engineer,"데이터분석가, SE(시스템엔지니어), 딥러닝, 머신러닝, 블록체인",서울전체 외,3 ~ 10년 · 정규직,대학교(4년)↑,~02.14(금),4시간 전 등록,https://www.saramin.co.kr/zf_user/jobs/relay/view?view_type=list&rec_idx=49775527
(주)아이코닉무브먼트,[2025 아이코닉무브먼트] 3D 제너럴리스트(미디어아티스트) 채용,"게임개발, 3D디자인, 모션그래픽, VFX, 3DMax",서울 용산구,경력 3년↑ · 정규직 외,"대학(2,3년)↑",~02.14(금),4시간 전 등록,https://www.saramin.co.kr/zf_user/jobs/relay/view?view_type=list&rec_idx=49775524
(주)토르드라이브,Simulation Software Engineer,"데이터분석가, SE(시스템엔지니어), 딥러닝, 머신러닝, 블록체인",서울전체 외,3 ~ 10년 · 정규직,대학교(4년)↑,~02.14(금),4시간 전 등록,https://www.saramin.co.kr/zf_user/jobs/relay/view?view_type=list&rec_idx=49775519
(주)아이에스에프넷코리아,[인천공항/ 무료주차] 외국계/ PC / IT 유지보수 [헬프데스크],"기술지원, 유지보수, H/W, S/W, Windows",인천 중구,경력(년수무관) · 정규직,고졸↑,~02.14(금),4시간 전 등록,https://www.saramin.co.kr/zf_user/jobs/relay/view?view_type=list&rec_idx=49775511
(주)에이블시큐,(경력) 디지털 포렌식 사업관리 영업 채용 남/여 무관,"기술지원, 인프라, 클라우드, 트러블슈팅, APM",서울 강서구,1 ~ 3년 · 정규직,학력무관,~03.16(일),4시간 전 등록,https://www.saramin.co.kr/zf_user/jobs/relay/view?view_type=list&rec_idx=49775498
(주)아이에스에프넷코리아,[서울/여의도] IT / PC 유지보수 [헬프데스크] 모집,"기술지원, 유지보수, H/W, S/W, Windows",서울 영등포구,경력 2년↑ · 정규직,고졸↑,~02.14(금),4시간 전 등록,https://www.saramin.co.kr/zf_user/jobs/relay/view?view_type=list&rec_idx=49775490
(주)아이에스에프넷코리아,[을지로입구역] IP 복합기 유지보수 [헬프데스크] 모집,"기술지원, 유지보수, H/W, S/W, Windows",서울 중구,경력 1년↑ · 계약직,고졸↑,~02.14(금),4시간 전 등록,https://www.saramin.co.kr/zf_user/jobs/relay/view?view_type=list&rec_idx=49775474
베스트네트워크㈜,31. 서비스 엔지니어 [AI 헬스케어 기업],"SE(시스템엔지니어), 헬스케어, Linux",서울 강남구,경력(년수무관) · 정규직,대학교(4년)↑,채용시,4시간 전 등록,https://www.saramin.co.kr/zf_user/jobs/relay/view?view_type=list&rec_idx=49775469
(주)아이에스에프넷코리아,[가산디지털단지/대기업] 시스템 모니터링/ 관제 OP 모집,"백엔드/서버개발, 정보보안, IDC, Windows, Linux",서울 금천구,신입 · 경력 · 정규직,고졸↑,~02.14(금),4시간 전 등록,https://www.saramin.co.kr/zf_user/jobs/relay/view?view_type=list&rec_idx=49775458
화이트정보통신(주),"React 퍼블리셔, JAVA개발자 (경력) / 영업직(경력무관) 모집","프론트엔드, SE(시스템엔지니어), 솔루션, ERP, S/W",서울 강남구,경력무관 · 정규직,학력무관,~02.14(금),4시간 전 등록,https://www.saramin.co.kr/zf_user/jobs/relay/view?view_type=list&rec_idx=49775433&adsCategoryItem=effect_bold&
(주)퓨쳐시스템,[신입/경력] 퓨쳐시스템 네트워크 보안 엔지니어 모집,"기술지원, 보안컨설팅, 유지보수, 정보보안, CISO",서울 구로구,신입 · 경력 · 정규직,"대학(2,3년)↑",~03.16(일),4시간 전 등록,https://www.saramin.co.kr/zf_user/jobs/relay/view?view_type=list&rec_idx=49775429
커리어커넥트(주),대형저축은행 IT개발팀원 (전자금융 Front/Server 개발자) 채용,"웹개발, 프론트엔드, HTML, Java, Javascript",서울 강남구,3 ~ 7년 · 정규직,"대학(2,3년)↑",~02.14(금),4시간 전 등록,https://www.saramin.co.kr/zf_user/jobs/relay/view?view_type=list&rec_idx=49775425
커리어커넥트(주),대형저축은행 IT개발팀원 (금융권 대출업무 JAVA 개발자) 채용,"웹개발, 프론트엔드, Java, JSP",서울 강남구,경력 3년↑ · 정규직,"대학(2,3년)↑",~02.14(금),4시간 전 등록,https://www.saramin.co.kr/zf_user/jobs/relay/view?view_type=list&rec_idx=49775415
엔터웨이파트너스,백엔드 개발-유명 의료 테크 기업,"백엔드/서버개발, 앱개발, API, AWS, Docker",서울전체 외,경력 5년↑ · 정규직,"대학(2,3년)↑",~02.14(금),4시간 전 등록,https://www.saramin.co.kr/zf_user/jobs/relay/view?view_type=list&rec_idx=49775413
커리어커넥트(주),대형저축은행 플랫폼사업팀원 (플랫폼서비스기획운영자) 채용,"데이터분석가, 데이터시각화, 서비스기획, 앱기획, 웹기획",서울 강남구,경력 3년↑ · 정규직,대학교(4년)↑,~02.14(금),4시간 전 등록,https://www.saramin.co.kr/zf_user/jobs/relay/view?view_type=list&rec_idx=49775407
(주)비에이블컨설팅그룹,"[자동화설비 전문업체] 충방전기 GUI S/W 설계, 개발","백엔드/서버개발, 웹개발, API, DBMS, S/W",경기 성남시 수정구,경력 5년↑ · 정규직,대학교(4년)↑,~01.28(화),4시간 전 등록,https://www.saramin.co.kr/zf_user/jobs/relay/view?view_type=list&rec_idx=49775396
베스트네트워크㈜,31. 시스템 엔지니어 [AI 헬스케어 기업],"SE(시스템엔지니어), 클라우드, 헬스케어, Docker, Linux",서울 강남구,경력 5년↑ · 정규직,대학교(4년)↑,채용시,4시간 전 등록,https://www.saramin.co.kr/zf_user/jobs/relay/view?view_type=list&rec_idx=49775346
베스트네트워크㈜,29. 용접기 소프트웨어 개발 (포항 근무) [유명 국내 기업],"SI개발, 개발PM, MCU, C언어",서울 강남구,5 ~ 15년 · 정규직,학력무관,D-2,4시간 전 등록,https://www.saramin.co.kr/zf_user/jobs/relay/view?view_type=list&rec_idx=49775332
사이언티픽아날로그랩스(주),IC 설계자동화 (EDA) 아날로그 모델링 및 검증 전문가 채용,"기술지원, S/W, C++, C언어, Linux",서울 서초구,신입 · 경력 · 정규직,대학교(4년)↑,~02.07(금),4시간 전 등록,https://www.saramin.co.kr/zf_user/jobs/relay/view?view_type=list&rec_idx=49775312
뉴로핏(주),[의료AI기업] 인공지능솔루션 영업 / 의료AI솔루션 마케팅 모집,"방사선사, MR, 의료영상, 영상의학과, 기술영업",서울 강남구,신입 · 경력 · 정규직,대학교(4년)↑,~02.14(금),4시간 전 등록,https://www.saramin.co.kr/zf_user/jobs/relay/view?view_type=list&rec_idx=49775307
(주)민국저축은행,민국저축은행  전산관리 직원 채용,"정보보안, 모의해킹, 방화벽, 금융사무, 금융상품영업",서울 중구,경력무관 · 정규직,대학교(4년)↑,~01.24(금),4시간 전 등록,https://www.saramin.co.kr/zf_user/jobs/relay/view?view_type=list&rec_idx=49775305
주식회사 비투넷,"[SI-중급.고급] Java, React / 통합시스템 구축, 2월부터~12월","Java, React, SpringBoot",서울 금천구,경력 5년↑ · 프리랜서,"대학(2,3년)↑",~01.24(금),4시간 전 등록,https://www.saramin.co.kr/zf_user/jobs/relay/view?view_type=list&rec_idx=49775301
인모션코리아,모터/인버터 어플리케이션 인턴,"임베디드, C언어, 전자제어, 제조, 회로설계",서울 중구,신입 · 인턴직,대학교(4년)↑,~02.14(금),4시간 전 등록,https://www.saramin.co.kr/zf_user/jobs/relay/view?view_type=list&rec_idx=49775245
(주)프로에스콤,[신입가능] 대신금융그룹 보안사원 채용,"경비원, 경비지도사, 경호원, 보안요원, 행사도우미",서울 송파구 외,경력무관 · 정규직 외,학력무관,~02.14(금),4시간 전 등록,https://www.saramin.co.kr/zf_user/jobs/relay/view?view_type=list&rec_idx=49775241
주식회사 티노,(주)티노 수원지사 엔지니어(음향/영상) 사원 모집(신입),"유지보수, H/W, 영상편집",경기 수원시 권선구,신입 · 정규직,학력무관,~02.14(금),4시간 전 등록,https://www.saramin.co.kr/zf_user/jobs/relay/view?view_type=list&rec_idx=49775197
