회사명,공고제목,직무분야,경력,학력,근무지,고용형태,마감일,수정일,공고URL
지피앤피,소프트웨어 고객지원 및 기술지원 서비스 엔지니어 채용,"고객경험관리, 원격상담, A·S수리, 기술지원, 유지보수, 시스템분석, 시스템운영, 고객지원, 설치, 시스템분석, 네트워크관리, 시스템설계, 아키텍처, 시스템설계, 기술상담, 네트워크관리, 유지보수, 기술지원, 기술지원, A·S상담",신입·경력2년↑,고졸↑,서울 강남구,정규직                 외,02/02(일),점프업,https://www.jobkorea.co.kr/Recruit/GI_Read/46043475?rPageCode=SL&logpath=21&sn=6
㈜앱솔브랩,[셀리맥스] 고도몰 (PHP) 개발자 프리랜서 채용,"피부관리, 화장품, 서비스기획, 스토리보드, 제안·컨설팅, 데이터분석, 앱기획, 콘텐츠기획, UI·UX기획, PM, PL, PO, 서버관리, 클라이언트, 핀테크, HTTP, SI개발, GUI, 반응형웹, 인터페이스, 증강현실, 가상현실, 암호화폐, 음성인식, 인터페이스, 챗봇, 핀테크, SI개발, 메타버스, 네트워크관리, 서버구축, 시스템분석, 시스템설계, 시스템운영, 펌웨어, 서버관리, SI개발, 네트워크관리, 서버구축, 시스템운영, 모델링, 데이터마이닝, OLAP개발자, 데이터관리, DBMS, DB튜닝, DW모델러, 빅데이터, 데이터레이크, ETL, 데이터파이프라인, BI, 데이터분석, 데이터시각화, 분석모델링, 네트워크관리, 방화벽, 보안관제, 정보보안, 암호화폐, 핀테크, 시스템분석, 시스템설계, 정보보안, 아키텍처, 클라이언트, SI개발, 모델링, 증강현실, MMORPG, 가상현실, 클라이언트, 메타버스, 검증, 시스템분석, 시스템설계, 펌웨어, 회로설계, 모델링, 딥러닝, 자연어처리(NLP), 음성인식, 이미지프로세싱, 인공지능, 챗봇, 암호화폐, DID, 스마트컨트랙트, Dapp, 네트워크관리, 클라우드개발자, 클라우드아키텍트, 솔루션스아키텍트, 웹마스터, GUI, 반응형웹, 웹표준·웹접근성, 검증, 웹마스터, 테스터",경력3년↑,학력무관,서울 강남구 외,프리랜서,01/23(목),점프업,https://www.jobkorea.co.kr/Recruit/GI_Read/46166041?rPageCode=SL&logpath=21&sn=6
㈜컴투스,[컴투스 그룹] 서머너즈워 차기 RPG 아트 직군 인재채용,"2D디자인, 웹표준·웹접근성, 만화디자인, 증강현실, UI·UX기획, 모션그래픽, CG, 데이터분석, 모션그래픽, 삽화·일러스트, 아바타디자인, 애니메이션, 제안·컨설팅, CG, PM, 광고기획, CI, 삽화·일러스트, 2D디자인, 가상현실, 앱기획, 클라이언트, UI·UX기획, 게임기획, 애니메이션, 콘텐츠기획, 메타버스, 만화디자인, 모델링, 애니메이션, 증강현실, 게임기획, 디지털디자인, 스토리보드, MMORPG, 삽화·일러스트, 게임개발, 디지털디자인, 애니메이션, 원화디자인, 원화디자인, 원화디자인, GUI, 가상현실, 서비스기획, 아바타디자인, 삽화·일러스트, 시장분석, 아바타디자인, 모션그래픽, 원화디자인",신입·경력,학력무관,서울 금천구,정규직,상시채용,점프업,https://www.jobkorea.co.kr/Recruit/GI_Read/45900056?rPageCode=SL&logpath=21&sn=6
현대성우그룹,2025년 현대성우그룹 신입/경력직원 채용,"신기술개발, 양산개발, 구동모듈, 리튬배터리팩, 자동차, 자동차부품, 자동차정비, 경영기획, 연구기획, 전략기획, 문서관리, 비품관리, 자산관리, 행정, 경력관리, 노사관리, 시스템분석, 시스템설계, 시스템운영, 시스템분석, 시스템설계, 아키텍처, 클라이언트, SI개발, 검증, 시스템분석, 시스템설계, 회로설계, 상품입출고, 외자구매, 자재구매, 재고관리, 거래처관리, 고객관리, 펌웨어, 회로설계, 생산기술, 자동차, 제품개발, 제어·설계, 기계조작, 금형설계, 기구설계, 전기설계, 회로설계, 생산기술, 제품개발, 자동제어, 공정개발, 자동화라인, 품질테스트, 펌웨어, 회로설계, 에너지, 자동차, 전기·전자, 정보통신·IT, 제품개발, R&D, 로봇설계, 반도체·LCD, 신소재, 연구·실험·기술, 제조·공정, 설비, 회로, 기계조작, 신소재, 생산관리, 품질보증, 검증, 품질보증, 환경관리, 전기설비, 전기설비, 산업안전, 안전평가, 산업안전, 대기환경, 수질환경, 환경측정",신입·경력,고졸↑,서울 강남구 외,정규직                 외,모레마감,점프업,https://www.jobkorea.co.kr/Recruit/GI_Read/46129855?rPageCode=SL&logpath=21&sn=6
㈜에스티에이테스팅컨설팅,[ISTQB 교육/자격시험 지원]SW 테스트 엔지니어 모집(이커머스 부문),"검증, QA, 소프트웨어테스트, 웹테스트, SW테스트, 테스트 케이스 설계, ㈜에스티에이테스팅컨설팅, 모바일앱개발, 소프트웨어개발, 솔루션, 검증, 검증, 웹마스터, 테스터",경력1년↑,초대졸↑,서울 광진구 외,정규직,01/31(금),점프업,https://www.jobkorea.co.kr/Recruit/GI_Read/46163022?rPageCode=SL&logpath=21&sn=6
㈜한국씨티은행,한국씨티은행 소비자금융리스크기획팀 경력직 채용 공고,"여신상담, 전산입력, 투자자문, 내부감사, 데이터관리, 대출심사, 재무회계, 행정, 부가세신고, 자료조사, 자산운용, 영업기획, 위험분석·관리, 송무담당, 금융, 자산관리사, 채권, 자금관리, 회계감사, 데이터분석, 세무조정, 재무분석, 사이트관리, 사업기획, 외부감사, 결산, 문서작성, 재무기획, 투자상담·자문, 손해평가, 연말정산, 채권, 세무신고, 전략기획, 입출금관리, 데이터분석, 세무기장, 투자상담, 서무, 문서관리, 여신상담, 외환관리, 채권, 투자심사, 언더라이팅, 보험청구, 재무기획, 채권, 경영기획, 보상, 은행, 손해평가",경력3년↑,학력무관,서울 영등포구,정규직,모레마감,점프업,https://www.jobkorea.co.kr/Recruit/GI_Read/46158306?rPageCode=SL&logpath=21&sn=6
대한상공회의소,[전액국비] 취업연계 첨단기술 교육생 모집(반도체/AI/응용SW/로봇/스마트제조/IoT),"네트워크관리, 메카트로닉스, 생산기술, 제품개발, PCB, 빅데이터, 기구설계, 회로설계, 연구·실험·기술, 유지보수, SI개발, 펌웨어, 솔루션스아키텍트, 디스플레이, LCD, 딥러닝, 데이터시각화, 시스템분석, 시스템운영, 임베디드, 전기·전자, 인공지능, 정보보안, 터치스크린, SI개발, 시스템분석, PCB, 로봇설계, 메카트로닉스, 전기설계, 클라이언트, SI개발, 보안관제, 시스템설계, 제품개발, 데이터분석, 제어·설계, 자동화라인, 정보보안, 클라우드개발자, 제어·설계, 로봇설계, 반도체·LCD, 아키텍처, 챗봇, 시스템설계, 핀테크, 회로설계, PLC, 클라우드아키텍트, 클라이언트, 핀테크, 검증, 기계조작, 로봇설계, HTTP, 금속, 네트워크관리, 자동제어, 제품개발, 회로설계",신입·경력,학력무관,서울,연수생/교육생,06/27(금),점프업,https://www.jobkorea.co.kr/Recruit/GI_Read/46180983?rPageCode=SL&logpath=21&sn=6
(주)인바디,2025 상반기 GBD 신입 채용,"관리회계, 전산입력, 전산입력, 디지털마케팅, 사이트관리, 거래처관리, 솔루션영업, 제품개발, 회로설계, 행정, 검증, 시장조사, 임베디드, 생산관리, 영업기획, 재고관리, 회로설계, 송무담당, 가맹점관리, 문서관리, 시스템설계, 해외마케팅, 회로설계, PCB, 딥러닝, 데이터시각화, 수출입계약, 임베디드, 전기·전자, 중국어, 영업전략, 전시기획, 오프라인마케팅, 바이어개발, 영어, 기업회계, 거래선개발관리, 금형설계, 기타외국어, 더존, 문서작성, 문서작성, R&D, 매출관리, 시스템분석, 자동제어, 펌웨어, 데이터분석, 콘텐츠기획, 더존, 펌웨어, 데이터분석, 기업홍보, 분석모델링, 브랜드기획, 전략기획, 의료기기, 제어·설계, 서무, 문서관리, 전표입력, 제품개발, 연구·실험·기술, 회로설계, 국내영업, 모델링, 시장분석, 전산회계, ERP운용, 데이터분석",신입,대졸↑,서울 강남구,인턴,모레마감,점프업,https://www.jobkorea.co.kr/Recruit/GI_Read/46138873?rPageCode=SL&logpath=21&sn=6
HK inno.N㈜,"[HK이노엔] 경력사원 수시 모집(구매, 영업기획, 온라인MD 직무)","고객관리, 상품입출고, 전산입력, 디지털마케팅, 거래처관리, 펌웨어, IMC, 상품입출고, 식품MD, 프로모션, SNS마케팅, 영업기획, 재고관리, 키워드광고, 가맹점관리, 문서관리, 카페·블로그관리, 브랜드기획, 시스템운영, 카페·블로그관리, 데이터분석, 영업전략, AMD, 대리점관리, 구매계약, 제휴마케팅, SI개발, SNS마케팅, 사업기획, 서버구축, 시스템분석, 거래선개발관리, 리테일MD, 매출관리, 문서작성, 바이럴마케팅, 제약, 키워드광고, VMD, 건강, 매출관리, 상품기획, 시스템설계, 재고관리, 전략기획, 자재구매, 데이터분석, SNS마케팅, SEO, 외자구매, 자산관리, 자재구매, 프로모션, 외자구매, 재무기획, 매체관리, 서버관리, 경영기획, 네트워크관리, 배너광고",경력2년↑,대졸↑,서울 중구 외,정규직,01/07(화),점프업,https://www.jobkorea.co.kr/Recruit/GI_Read/46177716?rPageCode=SL&logpath=21&sn=6
주식회사 빗썸,[빗썸] 개발자 집중 채용,"API, CDN, Java, MySQL, Oracle, Python, 백오피스, AML, AWS, Ansible, Code review, Confluence, ELK, GIT, FDS, Gradle, Jira, jenkins, JPA, kafka, MongoDB, MSA, Redis, spring boot, sla, SLO, Java Spring Boot, sre, AWS Lambda, Terraform, IaC, NFT, reac.js, sli, 서비스기획, 스토리보드, 데이터분석, 앱기획, 콘텐츠기획, UI·UX기획, PM, PO, 서버관리, 클라이언트, 핀테크, HTTP, SI개발, GUI, 반응형웹, 인터페이스, 증강현실, 가상현실, 암호화폐, 음성인식, 인터페이스, 챗봇, 핀테크, SI개발, 메타버스, 네트워크관리, 서버구축, 시스템분석, 시스템설계, 시스템운영, 펌웨어, 서버관리, SI개발, 네트워크관리, 서버구축, 시스템운영, 빅데이터, 데이터레이크, ETL, 데이터파이프라인, 네트워크관리, 방화벽, 보안관제, 정보보안, 암호화폐, 핀테크, 모델링, 딥러닝, 자연어처리(NLP), 음성인식, 이미지프로세싱, 인공지능, 챗봇, 암호화폐, DID, 스마트컨트랙트, Dapp, 네트워크관리, 클라우드개발자, 클라우드아키텍트, 솔루션스아키텍트, 임베디드, 펌웨어, 회로설계, PCB",경력무관,학력무관,서울 강남구 외,정규직,상시채용,점프업,https://www.jobkorea.co.kr/Recruit/GI_Read/46115031?rPageCode=SL&logpath=21&sn=6
한국피자헛(유),2025년 신입/경력 수시채용 [본사/직영점],"프랜차이즈, 피자점, 경영기획, 사업기획, 재무기획, 데이터분석, 브랜드기획, 신사업기획, 전략기획, 시장분석, 시장조사, 데이터분석, 브랜드기획, 전략기획, 콘텐츠기획, 공증, 문서작성, 소송·민사·등기, 저작권, 지적재산권, 사내변호사, 컴플라이언스, 특허담당, 경력관리, 노사관리, 복리후생, 인사교육, 4대보험, 결산, 관리회계, 더존, 법인결산, 원가회계, 재무회계, 전산회계, 전표입력, 회계감사, ERP운용, 계산서발행, 기업회계, 부가세신고, 세무신고, 세무기장, 세무조정, 연말정산, 결산, 재무기획, IPO, 통계·분석, 재무분석, 라이센싱, 브랜딩, 시장분석, 언론홍보, 기업홍보, 이벤트기획, 카페·블로그관리, 키워드광고, SNS마케팅, 바이럴마케팅, 키워드광고, 프로모션, 디지털마케팅, 배너광고, 제휴마케팅, SNS마케팅, 옥외광고, 프로모션, 기업홍보, 오프라인마케팅, 이벤트기획, 리테일MD, 매출관리, 상품기획, 상품입출고, 재고관리, VMD, AMD, 카페·블로그관리, 프로모션, 매체관리, SNS마케팅, 가맹점관리, 거래선개발관리, 거래처관리, 고객관리, 대리점관리, 매출관리, 영업기획, 데이터분석, 영업전략, 메뉴개발, 고객응대, 매출관리, 샵마스터, 식품판매, 재고관리, 진열관리, 판매관리, 판매영업",신입·경력,학력무관,서울 영등포구 외,정규직,01/06(월),점프업,https://www.jobkorea.co.kr/Recruit/GI_Read/46206787?rPageCode=SL&logpath=21&sn=6
㈜해커스어학원,2025년 해커스 교육그룹 수시 채용,"교재제작, 중국어학원, e러닝, 교재제작, 교재제작, 교정, 편집, 문서관리, 문서작성, 전산입력, 사이트관리, 서무, 자료조사, 행정, 더존, 문서관리, 문서작성, 자산관리, 전산입력, 사이트관리, 문서작성, 소송·민사·등기, 저작권, 지적재산권, 특허담당, 공증, 저작권, 지적재산권, 인사기획, 인사교육, 인사행정, 부가세신고, 세무신고, 세무기장, 세무조정, 연말정산, 결산, 외환관리, 입출금관리, 재무기획, 재무회계, 카페·블로그관리, 키워드광고, SNS마케팅, 바이럴마케팅, 키워드광고, 프로모션, 디지털마케팅, 배너광고, 제휴마케팅, SNS마케팅, 옥외광고, 프로모션, 기업홍보, 오프라인마케팅, 이벤트기획, 카페·블로그관리, 프로모션, SNS마케팅, 증강현실, 챗봇, SI개발, 네트워크관리, 서버구축, 시스템분석, 시스템설계, 시스템운영, 펌웨어, 서버관리, SI개발, 네트워크관리, 서버구축, 시스템운영, 데이터마이닝, 데이터관리, 시스템분석, 시스템설계, 정보보안, 클라이언트, SI개발, 시스템분석, 시스템설계, 펌웨어, 회로설계, 네트워크관리, 클라우드개발자, 클라우드아키텍트, 웹마스터, 반응형웹, 웹표준·웹접근성, 교수설계, 교육기획, 교육콘텐츠개발, 교재개발, 영사기사, 촬영보조, 인코딩, 영상제작, 교정, 출판기획",신입·경력,초대졸↑,서울 서초구 외,정규직                 외,상시채용,점프업,https://www.jobkorea.co.kr/Recruit/GI_Read/45866979?rPageCode=SL&logpath=21&sn=6
(주)우아한형제들,각 부문별 경력/신입 인재영입,"고객관리, 네트워크관리, 빅데이터, 데이터관리, 웹표준·웹접근성, 거래처관리, IMC, UI·UX기획, 검증, 식품MD, SI개발, 영사기사, 영업기획, PL, 솔루션스아키텍트, 가맹점관리, 웹마스터, 딥러닝, 브랜딩, 시스템운영, 제안·컨설팅, PM, 데이터마이닝, 서버관리, 인공지능, UI·UX디자인, 기술영업, 리테일MD, 시스템운영, 정보보안, SI개발, 모바일App, 사업기획, 서버구축, 시스템분석, 모바일디자인, 앱기획, SI개발, 네트워크관리, 영상제작, SI개발, 매출관리, 시스템설계, 증강현실, 데이터분석, 면접·채용, 인터페이스, 전략기획, 자재구매, 전략기획, 클라우드개발자, 아키텍처, 인사행정, 챗봇, 납품영업, 서버구축, PO, UI·UX기획, 서비스기획, 서버관리, 클라우드아키텍트, 클라이언트, 검증, 자연어처리(NLP), 가맹영업, 국내영업, 모델링, 데이터분석, 행정",신입·경력,학력무관,서울 송파구,정규직                 외,상시채용,점프업,https://www.jobkorea.co.kr/Recruit/GI_Read/45324861?rPageCode=SL&logpath=21&sn=6
㈜아이센스,㈜아이센스 2025년 신입/경력 수시채용,"건강, 바이오, 의료기기, 시장분석, 시장조사, 데이터분석, 브랜드기획, 전략기획, 콘텐츠기획, PM, PL, PO, 문서관리, 문서작성, 사이트관리, 서무, 자료조사, 행정, 송무담당, 공증, 소송·민사·등기, 저작권, 지적재산권, 사내변호사, 상표담당, 컴플라이언스, 특허담당, 송무담당, 광고기획, 브랜딩, 시장분석, 시장조사, 포지셔닝, PPL, 브랜드기획, 카페·블로그관리, 키워드광고, 바이럴마케팅, 키워드광고, 프로모션, IMC, 디지털마케팅, 배너광고, 제휴마케팅, SNS마케팅, SEO, 영상제작, 콘텐츠기획, SNS마케팅, SEO, 언론홍보, 프로모션, BTL, 기업홍보, 오프라인마케팅, 이벤트기획, 프로모션, 매체관리, SNS마케팅, 검증, 테스터, 상품입출고, 자재구매, 재고관리, 기타외국어, 영어, 일본어, 중국어, 해외마케팅, 메카트로닉스, 임베디드, 자동제어, 펌웨어, 회로설계, PCB, PLC, 임베디드, 펌웨어, 회로설계, 생명공학, 전기·전자, 정보통신·IT, 제품개발, R&D, 금속·철강, 로봇설계, 반도체·LCD, 신소재, 연구·실험·기술, 제조·공정, 생산관리, 품질보증, ISO, 검증, 품질보증, 환경관리, ISO, 의료기기연구, 전시기획, 행사기획",신입·경력1년↑,초대졸↑,서울 서초구 외,정규직,01/15(수),점프업,https://www.jobkorea.co.kr/Recruit/GI_Read/46188174?rPageCode=SL&logpath=21&sn=6
무림페이퍼㈜,[무림그룹] 2024년 12월 직무별 신입/경력 채용공고,"고객관리, 거래처관리, 재무회계, 유지보수, 품질보증, 영업기획, 가맹점관리, 검증, 신사업기획, 시설점검, 자금관리, 시스템운영, 신소재, 영업전략, 재무분석, 대리점관리, 정보통신·IT, HACCP, 제조·공정, 사업기획, 서버구축, 시스템분석, 전기점검, 거래선개발관리, 재무기획, 건설안전, 매출관리, 산업안전, 시스템설계, 전략기획, 입출금관리, 데이터분석, 제품개발, ISO, 서버관리, 경영기획, 네트워크관리, 생산기술, 환경관리, 기계조작, 금속, 목재·제지",신입·경력,대졸↑,서울 강남구 외,정규직                 외,01/14(화),점프업,https://www.jobkorea.co.kr/Recruit/GI_Read/46187679?rPageCode=SL&logpath=21&sn=6
이비즈테크,[이비즈테크] 시스템 엔지니어(스토리지/서버/가상화/클라우드) 모집,"스토리지, 유지보수, 컴퓨터, 펌웨어, 하드웨어, 서버구축, 서버관리",신입·경력,초대졸↑,서울 마포구,정규직,02/02(일),13분 전 수정,https://www.jobkorea.co.kr/Recruit/GI_Read/46214417?rPageCode=SL&logpath=21&sn=6
컴퓨터수리,컴퓨터수리 데이터복구 기술을 지속적으로 업그레이드 하고싶은 팀원모집,"유지보수, 컴퓨터AS, A·S수리, 기술지원, 노트북AS, 시스템운영, A·S수리, 하드웨어, 컴퓨터수리, 서버구축, 설치, 기술지원, 시스템설계, 컴퓨터, AS, 노트북수리, 네트워크관리, 유지보수, 유지보수",경력무관,학력무관,서울 전지역 외,정규직                 외,01/06(월),14분 전 수정,https://www.jobkorea.co.kr/Recruit/GI_Read/46214847?rPageCode=SL&logpath=21&sn=6
인터넷밸리㈜,00증권wts(웹사이트매매)운영,SI,경력6년↑,학력무관,서울 서초구,프리랜서,모레마감,19분 전 수정,https://www.jobkorea.co.kr/Recruit/GI_Read/46214782?rPageCode=SL&logpath=21&sn=6
다움성형외과의원,다움성형외과 홈페이지 관리자 채용 공고 [강남역],"홈페이지, 성형외과, 웹마스터",경력1년↑,학력무관,서울 강남구,정규직                 외,02/01(토),22분 전 수정,https://www.jobkorea.co.kr/Recruit/GI_Read/46209522?rPageCode=SL&logpath=21&sn=6
㈜심플키,Unix 시스템 Admin(운영자) 정규 채용,"시스템 Admin. 업무, 유지보수, 시스템운영, 하드웨어, 서버구축, 시스템분석, Unix, Admin, 시스템설계, 펌웨어, 설치, 컴퓨터, 서버관리, 기술지원, 유지보수",경력6년↑,초대졸↑,서울 중구,정규직,01/20(월),점프업,https://www.jobkorea.co.kr/Recruit/GI_Read/46147320?rPageCode=SL&logpath=21&sn=6
㈜에스티에이테스팅컨설팅,[ISTQB 교육/자격시험 지원]SW 테스트 엔지니어 모집,"검증, QA, 소프트웨어테스트, 웹테스트, SW테스트, 테스트 케이스 설계, ㈜에스티에이테스팅컨설팅, 모바일앱개발, 소프트웨어개발, 솔루션, 검증, 검증, 웹마스터, 테스터",경력1년↑,초대졸↑,서울 광진구 외,정규직,01/31(금),점프업,https://www.jobkorea.co.kr/Recruit/GI_Read/46098350?rPageCode=SL&logpath=21&sn=6
콘센트릭스서비스코리아(유),데이터분석 인턴 (정규직전환형 ),데이터분석,신입,학력무관,서울 강남구,인턴,01/31(금),점프업,https://www.jobkorea.co.kr/Recruit/GI_Read/46208984?rPageCode=SL&logpath=21&sn=6
성신여자대학교,성신여자대학교 일반직원 (9급) 채용 공고,"문서관리, 문서작성, 전산입력, 사이트관리, 서무, 자료조사, 행정, 송무담당, 더존, 문서관리, 문서작성, 자산관리, 전산입력, 사이트관리, 4대보험, 결산, 관리회계, 더존, 법인결산, 부가세신고, 원가회계, 재무회계, 전산회계, 전표입력, 회계감사, CFO, ERP운용, 계산서발행, 기업회계, 네트워크관리, 서버구축, 시스템분석, 시스템설계, 시스템운영, 펌웨어, 서버관리, SI개발, 시스템분석, 시스템설계, 정보보안, 아키텍처, 클라이언트, SI개발, 기술지원, 설치, 유지보수, 기계조작, 영어",신입·경력2년↑,학력무관,서울 성북구,정규직,01/09(목),점프업,https://www.jobkorea.co.kr/Recruit/GI_Read/46208846?rPageCode=SL&logpath=21&sn=6
㈜마음사랑,정보보안 담당자 채용,정보보안,경력3년↑,학력무관,서울 성동구,정규직                 외,01/10(금),점프업,https://www.jobkorea.co.kr/Recruit/GI_Read/46179132?rPageCode=SL&logpath=21&sn=6
㈜마음사랑,React 프론트엔드 개발자 경력 채용,,경력3년↑,학력무관,서울 성동구,정규직                 외,01/10(금),점프업,https://www.jobkorea.co.kr/Recruit/GI_Read/46178890?rPageCode=SL&logpath=21&sn=6
신성통상㈜,신성통상(주) WEB FRONT 개발자 경력채용(DP프론트개발팀),"HTML, Java, E-Commerce, postgresql, Spring Framwork, 남성의류, 여성의류, 유아의류, 재단·수선·미싱, 직물·우븐·데님, 인터페이스",경력7년↑,대졸↑,서울 강동구,정규직,02/02(일),점프업,https://www.jobkorea.co.kr/Recruit/GI_Read/46211418?rPageCode=SL&logpath=21&sn=6
㈜진학사,[진학사] AI 팀 인재 채용 (채용연계형 인턴),"빅데이터, 딥러닝, 인공지능, 챗봇, AI",경력무관,대졸↑,서울 종로구,인턴,01/12(일),28분 전 수정,https://www.jobkorea.co.kr/Recruit/GI_Read/46214664?rPageCode=SL&logpath=21&sn=6
컴퓨터수리,[재택근무] 컴퓨터수리 / 설치 / 조립에 보람을 느끼는 컴퓨터AS 엔지니어,"스토리지, 컴퓨터AS, 검증, 데이터복구, A·S수리, 기술지원, 시스템설계, 회로설계, 하드웨어, 컴퓨터수리, 설치, 시스템분석, 펌웨어, 컴퓨터유지보수, 컴퓨터, AS, 노트북수리, 유지보수, 유지보수",경력무관,학력무관,서울 전지역 외,정규직                 외,01/06(월),29분 전 수정,https://www.jobkorea.co.kr/Recruit/GI_Read/46214650?rPageCode=SL&logpath=21&sn=6
지머니트랜스㈜,[핀테크][경력] QA팀 엔지니어 모집,"금융, 핀테크, Android, IOS, Mobile, 금융, 검증",경력1년↑,초대졸↑,서울 종로구,정규직,02/28(금),32분 전 수정,https://www.jobkorea.co.kr/Recruit/GI_Read/46198322?rPageCode=SL&logpath=21&sn=6
㈜스타랩스,[스타랩스] AWS 클라우드 AA / TA / SE 채용,"소프트웨어개발, 솔루션, BigData, SI, SM, 시스템분석, 시스템설계, 시스템운영, SI개발, 네트워크관리, 서버구축, 시스템운영, 네트워크관리, 클라우드개발자, 클라우드아키텍트, 솔루션스아키텍트",경력,학력무관,서울 강남구,정규직                 외,01/12(일),32분 전 수정,https://www.jobkorea.co.kr/Recruit/GI_Read/46106215?rPageCode=SL&logpath=21&sn=6
컴퓨터수리,네트워크서버 설치 및 컴퓨터AS 엔지니어 센터장 모십니다. [재택환영],"스토리지, 유지보수, 컴퓨터AS, A·S수리, 기술지원, 방화벽, 노트북AS, 하드웨어, 컴퓨터수리, 설치, 보안관제, 정보보안, 컴퓨터, AS, 노트북수리, 암호화폐, 유지보수, 네트워크관리, 유지보수",경력무관,학력무관,서울 전지역 외,정규직                 외,01/06(월),32분 전 수정,https://www.jobkorea.co.kr/Recruit/GI_Read/46214619?rPageCode=SL&logpath=21&sn=6
㈜크레이버코퍼레이션,[Craver] 글로벌 뷰티/유통사업부 네트워크 및 정보보안 경력직 채용,"방화벽, 시스템운영, 시스템운영, 서버구축, 시스템분석, 네트워크관리, 정보보안, 서버구축, 서버관리, 네트워크관리, 네트워크관리",경력3년↑,학력무관,서울 강남구,정규직,02/28(금),점프업,https://www.jobkorea.co.kr/Recruit/GI_Read/46192099?rPageCode=SL&logpath=21&sn=6
㈜경동하우징,AI를 이용한 업무개선 담당자 모집,"시공관리, 인공지능, 공무, 건설안전",경력무관,학력무관,서울 영등포구,정규직,02/01(토),점프업,https://www.jobkorea.co.kr/Recruit/GI_Read/46204834?rPageCode=SL&logpath=21&sn=6
CJ 4DPLEX,[CJ그룹 계열사] CJ 4DPLEX 보안 정책기획/운영/관리 경력직 채용,"문서작성, 컴플라이언스, 저작권, 펌웨어, 품질보증, 자료조사, 방화벽, 테스터, 검증, 문서작성, 웹마스터, 지적재산권, 시스템분석, 시스템운영, 데이터분석, 시스템운영, 정보보안, SI개발, 사업기획, 서버구축, 시스템분석, 사내변호사, 컴플라이언스, 네트워크관리, 통계·분석, 클라이언트, SI개발, 보안관제, 시스템설계, 전략기획, 문화기획, 정보보안, 사내변호사, 아키텍처, 서버구축, 시스템설계, ISO, 핀테크, 경영기획, 서버관리, 암호화폐, 검증, 경영기획, 네트워크관리, 저작권, 지적재산권, 네트워크관리, 송무담당",경력3년↑,대졸↑,서울 용산구,정규직,01/16(목),점프업,https://www.jobkorea.co.kr/Recruit/GI_Read/46206911?rPageCode=SL&logpath=21&sn=6
㈜스타랩스,[스타랩스] AWS 클라우드 TA 채용,"모바일앱개발, 소프트웨어개발, 솔루션, 시스템분석, 시스템설계, 네트워크관리, 서버구축, 시스템운영, 네트워크관리, 클라우드개발자, 클라우드아키텍트, 솔루션스아키텍트",경력무관,학력무관,서울 강남구,정규직                 외,01/26(일),32분 전 수정,https://www.jobkorea.co.kr/Recruit/GI_Read/46178810?rPageCode=SL&logpath=21&sn=6
㈜스타랩스,[스타랩스] JAVA 웹개발자 중/고/특급 채용,"소프트웨어개발, 솔루션, BigData, SI, SM",신입·경력,학력무관,서울 강남구,정규직,01/26(일),33분 전 수정,https://www.jobkorea.co.kr/Recruit/GI_Read/46178816?rPageCode=SL&logpath=21&sn=6
㈜케이믹글로벌,JAVA 서버 프로그래밍 개발자 채용 (경력 2년이상),,경력2년↑,학력무관,서울 성동구,정규직,02/09(일),33분 전 수정,https://www.jobkorea.co.kr/Recruit/GI_Read/46089588?rPageCode=SL&logpath=21&sn=6
컴퓨터수리,고객관리 및 유치에 자신있는 컴퓨터AS 컴퓨터수리기사 엔지니어 팀원 모십,"스토리지, 유지보수, 컴퓨터AS, 데이터복구, A·S수리, 기술지원, 노트북AS, 고장점검, A·S수리, 하드웨어, 컴퓨터수리, 설치, 네트워크관리, 기술지원, 컴퓨터, AS, 노트북수리, 유지보수, 유지보수",경력무관,학력무관,서울 전지역 외,정규직                 외,01/06(월),34분 전 수정,https://www.jobkorea.co.kr/Recruit/GI_Read/46214599?rPageCode=SL&logpath=21&sn=6
㈜다임즈,Web 개발 및 유지보수,"소프트웨어개발, 솔루션, BigData, ISP, SI",경력5년↑,초대졸↑,서울 구로구,정규직,01/31(금),36분 전 수정,https://www.jobkorea.co.kr/Recruit/GI_Read/46133886?rPageCode=SL&logpath=21&sn=6
㈜파인씨앤아이,웹 프론트엔드 개발자 구인,"웹 프론트엔드 개발자, 소프트웨어개발, 솔루션, BigData, OLAP",경력5년↑,초대졸↑,서울 송파구,정규직,01/08(수),38분 전 수정,https://www.jobkorea.co.kr/Recruit/GI_Read/46213472?rPageCode=SL&logpath=21&sn=6
롯데이노베이트㈜,[롯데이노베이트] STT AI(음성AI) 3-12년 경력사원 채용,"모바일앱개발, 음성인식, 솔루션, BI, 딥러닝, 인공지능, asp, 소프트웨어개발, 자연어처리(NLP), AI, 모델링",경력3년↑,대졸↑,서울 금천구,정규직,01/19(일),39분 전 수정,https://www.jobkorea.co.kr/Recruit/GI_Read/46214545?rPageCode=SL&logpath=21&sn=6
㈜엑스페릭스,SW개발자 (USB Device SDK 개발),"전기, 시스템분석, 시스템설계, SI개발",경력3년↑,대졸↑,서울 송파구,정규직,02/01(토),39분 전 수정,https://www.jobkorea.co.kr/Recruit/GI_Read/46213219?rPageCode=SL&logpath=21&sn=6
㈜엑스페릭스,바이오인식 / OCR 알고리즘 개발,"전기, 딥러닝, 음성인식, 인공지능",경력2년↑,대졸↑,서울 송파구,정규직,02/01(토),39분 전 수정,https://www.jobkorea.co.kr/Recruit/GI_Read/46213320?rPageCode=SL&logpath=21&sn=6
㈜JYP엔터테인먼트,[JYP엔터테인먼트] 공개 채용,"관리회계, 문서작성, 방송제작, 전산입력, 디지털마케팅, 4대보험, 옥외광고, 저작권, 촬영보조, 배너광고, 행정, 시장조사, 에이전트, 키워드광고, CG, 영상제작, 자료조사, 엔터테인먼트사, 조명, 키워드광고, 송무담당, 가수, 디지털디자인, 재무회계, 해외마케팅, 신사업기획, 방송기획, 연예기획, 프로듀서, 프로모션, PM, 브랜드디자인, 영상제작, 공연기획, 광고기획, 시스템운영, PPL, 사이트관리, 영상제작, 제휴마케팅, 모션그래픽, 사업기획, 기업회계, 뮤지컬·연극, 네트워크관리, 문서작성, 바이럴마케팅, 방송기획, 연예, 특수효과, 영상제작, 특허담당, 결산, 방송제작, 보안관제, 언론홍보, 옥외광고, 음향, 프로듀서, 작사·작곡, 콘텐츠기획, 브랜딩, 연기자, CG, 기업홍보, 브랜드기획, 전략기획, 컴플라이언스, SNS마케팅, 삽화·일러스트, 가수, 로드매니저, 정보보안, 사내변호사, 서무, 공증, 문서관리, 서버구축, 음향, 캐스팅, 법인결산, 회계감사, 매니지먼트, 소송·민사·등기, 스크립터, 음향, 패키지디자인, 프로듀서, 현수막디자인, 배너광고, 영상제작, 이벤트기획, 시장분석, 전산회계, 데이터분석",신입·경력,학력무관,서울 강동구,정규직,모레마감,점프업,https://www.jobkorea.co.kr/Recruit/GI_Read/46138496?rPageCode=SL&logpath=21&sn=6
㈜바로크레디트대부,정보보안팀 담당자(경력) 모집,"금융, 종합금융, 채권, 채권추심, 캐피탈, 문서관리, 문서작성, 서무, 자료조사, 행정, 송무담당, 네트워크관리, 서버구축, 시스템분석, 시스템설계, 시스템운영, 펌웨어, 서버관리, SI개발, 네트워크관리, 방화벽, 보안관제, 정보보안, 암호화폐, 핀테크, 시스템분석, 시스템설계, 정보보안, 아키텍처, 클라이언트, SI개발, 네트워크관리, 클라우드개발자, 클라우드아키텍트, 솔루션스아키텍트, 검증, 웹마스터, 테스터, 검증, 품질보증, ISO",경력3년↑,대졸↑,서울 영등포구,정규직                 외,01/10(금),점프업,https://www.jobkorea.co.kr/Recruit/GI_Read/46203433?rPageCode=SL&logpath=21&sn=6
㈜이씨오,[(주)이씨오] 도서관 홈페이지 웹 솔루션 개발 및 유지운영 개발자 모집,"하드웨어, 컴퓨터, AS, 유지보수",신입·경력3년↑,학력무관,서울 성동구,정규직,01/31(금),43분 전 수정,https://www.jobkorea.co.kr/Recruit/GI_Read/46214488?rPageCode=SL&logpath=21&sn=6
㈜에스티아이그룹,온라인쇼핑몰 영업 / 네이버 브랜드 스토어 운영 / 재무회계 경력직원 모집,"결산, 고객관리, 관리회계, 부가세신고, 상품입출고, 기업홍보, 행사기획, 거래처관리, 재무회계, 부가세신고, 상품기획, 식품MD, 프로모션, 프로모션, 자료조사, SNS마케팅, 납품영업, 영업기획, MD, 데이터분석, 문서작성, B2C, 브랜드기획, 신사업기획, 유통영업, 브랜딩, 자산관리, 카페·블로그관리, 데이터분석, 영업전략, 재무분석, 재무회계, 홈쇼핑, 사이트관리, 매출관리, 상품입출고, 유통, 기업회계, 거래선개발관리, 매출관리, 재무기획, 키워드광고, 통계·분석, 콘텐츠기획, 결산, 고객관리, 매출관리, 상품기획, 쇼핑몰, 재고관리, 데이터분석, 세무신고, 콘텐츠기획, 거래처관리, 시장분석, 전략기획, 오픈마켓, SNS마케팅, 납품영업, 상품입출고, 소셜커머스, 경영기획, 재무기획, 매체관리, 콘텐츠기획, 연말정산, 국내영업, 데이터분석",경력3년↑,학력무관,서울 성동구 외,정규직,01/26(일),점프업,https://www.jobkorea.co.kr/Recruit/GI_Read/46170721?rPageCode=SL&logpath=21&sn=6
이비즈테크,[이비즈테크] 클라우드 사업부 엔지니어 경력 모집,"네트워크관리, 스토리지, 솔루션스아키텍트, 하드웨어, 펌웨어, 클라우드개발자, 컴퓨터, 클라우드아키텍트, 유지보수",경력,초대졸↑,서울 마포구,정규직,02/02(일),45분 전 수정,https://www.jobkorea.co.kr/Recruit/GI_Read/46129692?rPageCode=SL&logpath=21&sn=6
팩트블록㈜,[팩트블록] QA 엔지니어(5년 이상),"테스터, 웹마스터, 검증",경력5년↑,초대졸↑,서울 서초구,정규직,02/28(금),46분 전 수정,https://www.jobkorea.co.kr/Recruit/GI_Read/46212047?rPageCode=SL&logpath=21&sn=6
㈜파이오링크,JAVA REACT/WEBFRONT GUI개발,네트워크보안,경력3년↑,학력무관,서울 금천구,정규직,01/26(일),47분 전 수정,https://www.jobkorea.co.kr/Recruit/GI_Read/46003425?rPageCode=SL&logpath=21&sn=6
㈜엑스페릭스,바이오인식 / OCR 알고리즘 개발,"전기, 딥러닝, 음성인식, 인공지능",경력2년↑,대졸↑,서울 송파구,정규직,02/01(토),40분 전 수정,https://www.jobkorea.co.kr/Recruit/GI_Read/46213320?rPageCode=SL&logpath=21&sn=6
㈜JYP엔터테인먼트,[JYP엔터테인먼트] 공개 채용,"관리회계, 문서작성, 방송제작, 전산입력, 디지털마케팅, 4대보험, 옥외광고, 저작권, 촬영보조, 배너광고, 행정, 시장조사, 에이전트, 키워드광고, CG, 영상제작, 자료조사, 엔터테인먼트사, 조명, 키워드광고, 송무담당, 가수, 디지털디자인, 재무회계, 해외마케팅, 신사업기획, 방송기획, 연예기획, 프로듀서, 프로모션, PM, 브랜드디자인, 영상제작, 공연기획, 광고기획, 시스템운영, PPL, 사이트관리, 영상제작, 제휴마케팅, 모션그래픽, 사업기획, 기업회계, 뮤지컬·연극, 네트워크관리, 문서작성, 바이럴마케팅, 방송기획, 연예, 특수효과, 영상제작, 특허담당, 결산, 방송제작, 보안관제, 언론홍보, 옥외광고, 음향, 프로듀서, 작사·작곡, 콘텐츠기획, 브랜딩, 연기자, CG, 기업홍보, 브랜드기획, 전략기획, 컴플라이언스, SNS마케팅, 삽화·일러스트, 가수, 로드매니저, 정보보안, 사내변호사, 서무, 공증, 문서관리, 서버구축, 음향, 캐스팅, 법인결산, 회계감사, 매니지먼트, 소송·민사·등기, 스크립터, 음향, 패키지디자인, 프로듀서, 현수막디자인, 배너광고, 영상제작, 이벤트기획, 시장분석, 전산회계, 데이터분석",신입·경력,학력무관,서울 강동구,정규직,모레마감,점프업,https://www.jobkorea.co.kr/Recruit/GI_Read/46138496?rPageCode=SL&logpath=21&sn=6
㈜바로크레디트대부,정보보안팀 담당자(경력) 모집,"금융, 종합금융, 채권, 채권추심, 캐피탈, 문서관리, 문서작성, 서무, 자료조사, 행정, 송무담당, 네트워크관리, 서버구축, 시스템분석, 시스템설계, 시스템운영, 펌웨어, 서버관리, SI개발, 네트워크관리, 방화벽, 보안관제, 정보보안, 암호화폐, 핀테크, 시스템분석, 시스템설계, 정보보안, 아키텍처, 클라이언트, SI개발, 네트워크관리, 클라우드개발자, 클라우드아키텍트, 솔루션스아키텍트, 검증, 웹마스터, 테스터, 검증, 품질보증, ISO",경력3년↑,대졸↑,서울 영등포구,정규직                 외,01/10(금),점프업,https://www.jobkorea.co.kr/Recruit/GI_Read/46203433?rPageCode=SL&logpath=21&sn=6
㈜이씨오,[(주)이씨오] 도서관 홈페이지 웹 솔루션 개발 및 유지운영 개발자 모집,"하드웨어, 컴퓨터, AS, 유지보수",신입·경력3년↑,학력무관,서울 성동구,정규직,01/31(금),44분 전 수정,https://www.jobkorea.co.kr/Recruit/GI_Read/46214488?rPageCode=SL&logpath=21&sn=6
㈜에스티아이그룹,온라인쇼핑몰 영업 / 네이버 브랜드 스토어 운영 / 재무회계 경력직원 모집,"결산, 고객관리, 관리회계, 부가세신고, 상품입출고, 기업홍보, 행사기획, 거래처관리, 재무회계, 부가세신고, 상품기획, 식품MD, 프로모션, 프로모션, 자료조사, SNS마케팅, 납품영업, 영업기획, MD, 데이터분석, 문서작성, B2C, 브랜드기획, 신사업기획, 유통영업, 브랜딩, 자산관리, 카페·블로그관리, 데이터분석, 영업전략, 재무분석, 재무회계, 홈쇼핑, 사이트관리, 매출관리, 상품입출고, 유통, 기업회계, 거래선개발관리, 매출관리, 재무기획, 키워드광고, 통계·분석, 콘텐츠기획, 결산, 고객관리, 매출관리, 상품기획, 쇼핑몰, 재고관리, 데이터분석, 세무신고, 콘텐츠기획, 거래처관리, 시장분석, 전략기획, 오픈마켓, SNS마케팅, 납품영업, 상품입출고, 소셜커머스, 경영기획, 재무기획, 매체관리, 콘텐츠기획, 연말정산, 국내영업, 데이터분석",경력3년↑,학력무관,서울 성동구 외,정규직,01/26(일),점프업,https://www.jobkorea.co.kr/Recruit/GI_Read/46170721?rPageCode=SL&logpath=21&sn=6
이비즈테크,[이비즈테크] 클라우드 사업부 엔지니어 경력 모집,"네트워크관리, 스토리지, 솔루션스아키텍트, 하드웨어, 펌웨어, 클라우드개발자, 컴퓨터, 클라우드아키텍트, 유지보수",경력,초대졸↑,서울 마포구,정규직,02/02(일),46분 전 수정,https://www.jobkorea.co.kr/Recruit/GI_Read/46129692?rPageCode=SL&logpath=21&sn=6
팩트블록㈜,[팩트블록] QA 엔지니어(5년 이상),"테스터, 웹마스터, 검증",경력5년↑,초대졸↑,서울 서초구,정규직,02/28(금),47분 전 수정,https://www.jobkorea.co.kr/Recruit/GI_Read/46212047?rPageCode=SL&logpath=21&sn=6
㈜파이오링크,JAVA REACT/WEBFRONT GUI개발,네트워크보안,경력3년↑,학력무관,서울 금천구,정규직,01/26(일),49분 전 수정,https://www.jobkorea.co.kr/Recruit/GI_Read/46003425?rPageCode=SL&logpath=21&sn=6
㈜파이오링크,WEBFRONT-K웹보안기능 및 시그니처 개발,네트워크보안,경력3년↑,학력무관,서울 금천구,정규직,01/26(일),49분 전 수정,https://www.jobkorea.co.kr/Recruit/GI_Read/46003446?rPageCode=SL&logpath=21&sn=6
㈜파이오링크,애플리케이션 및 클라우드 개발,"네트워크보안, 클라우드개발자",경력3년↑,학력무관,서울 금천구,정규직,01/26(일),50분 전 수정,https://www.jobkorea.co.kr/Recruit/GI_Read/46003466?rPageCode=SL&logpath=21&sn=6
LX인터내셔널,2025년 신입사원 상시 채용 (인재 Pool) - IT시스템,"해외영업, 내부회계, 비품관리, 사업개발, 신사업기획, 자금관리, 시스템운영, 자산관리, 재무회계, 사업기획, 면접·채용, 평가·보상, 전략기획, 세무회계, IR, 외환관리, HR, 조직문화, 경영기획",신입,서울 종로구,인턴,,상시채용,50분 전 수정,https://www.jobkorea.co.kr/Recruit/GI_Read/46214420?rPageCode=SL&logpath=21&sn=6
㈜에프앤가이드,[에프앤가이드] IS팀 검색엔진(ElasticSearch) 및 정보보안 담당자 채용,"BigData, 검색엔진, 정보보안, 소프트웨어개발, Elastic stack",경력2년↑,대졸↑,서울 강서구,정규직,01/31(금),50분 전 수정,https://www.jobkorea.co.kr/Recruit/GI_Read/46214416?rPageCode=SL&logpath=21&sn=6
㈜경포씨엔씨,[국회의사당역]한국산업은행 국외점포/인프라-TA,"SI, 아키텍처",경력9년↑,학력무관,서울 영등포구,프리랜서,02/16(일),점프업,https://www.jobkorea.co.kr/Recruit/GI_Read/46131816?rPageCode=SL&logpath=21&sn=6
LX인터내셔널,2025년 신입사원 상시 채용 (인재 Pool) - HR,"해외영업, 내부회계, 비품관리, 사업개발, 신사업기획, 자금관리, 시스템운영, 자산관리, 재무회계, 사업기획, 면접·채용, 평가·보상, 전략기획, 세무회계, IR, 외환관리, HR, 조직문화, 경영기획",신입,서울 종로구,인턴,,상시채용,51분 전 수정,https://www.jobkorea.co.kr/Recruit/GI_Read/46214411?rPageCode=SL&logpath=21&sn=6
㈜산하정보기술,[야놀자계열사] 산하정보기술 R&D유닛 WINGS 개발팀 채용,"서버관리, 호텔",경력무관,학력무관,서울 금천구,정규직,01/09(목),51분 전 수정,https://www.jobkorea.co.kr/Recruit/GI_Read/46081613?rPageCode=SL&logpath=21&sn=6
LX인터내셔널,2025년 신입사원 상시 채용 (인재 Pool) - 재경/기획,"해외영업, 내부회계, 비품관리, 사업개발, 신사업기획, 자금관리, 시스템운영, 자산관리, 재무회계, 사업기획, 면접·채용, 평가·보상, 전략기획, 세무회계, IR, 외환관리, HR, 조직문화, 경영기획",신입,서울 종로구,인턴,,상시채용,52분 전 수정,https://www.jobkorea.co.kr/Recruit/GI_Read/46214403?rPageCode=SL&logpath=21&sn=6
LX인터내셔널,2025년 신입사원 상시 채용 (인재 Pool) - 사업개발,"해외영업, 내부회계, 비품관리, 사업개발, 신사업기획, 자금관리, 시스템운영, 자산관리, 재무회계, 사업기획, 면접·채용, 평가·보상, 전략기획, 세무회계, IR, 외환관리, HR, 조직문화, 경영기획",신입,서울 종로구,인턴,,상시채용,53분 전 수정,https://www.jobkorea.co.kr/Recruit/GI_Read/46214391?rPageCode=SL&logpath=21&sn=6
위쉬정보기술㈜,송내역 안전보건공단 운영 ETL 및 DBA,"SM, SI, ERP",경력무관,학력무관,서울 구로구,정규직                 외,02/02(일),54분 전 수정,https://www.jobkorea.co.kr/Recruit/GI_Read/46214382?rPageCode=SL&logpath=21&sn=6
㈜에스엠피엠씨,[신세계그룹 관계사] 부문별 경력 채용,"건설안전, 고객관리, 메카트로닉스, 시공관리, 전산입력, 가스점검, 복리후생, 안전평가, 거래처관리, 분양대행, 복리후생, 행정, 건축설계, 리모델링, 유지보수, 엘리베이터, 분양상담, 자료조사, 자산운용, 비품관리, 투자상담·자문, 분양상담, 송무담당, 가맹점관리, 공조냉동, 자산관리사, 소방·방재, 데이터시각화, 브랜드기획, 신사업기획, 시설점검, 건축설계, 경매입찰, 부동산컨설팅, 부동산투자, 산업안전, 자산관리, 통신설비, 펀드회계, 대리점관리, BI, 구매계약, 임대보증금, 부동산개발, 사업기획, 자산관리, 전기점검, 거래선개발관리, 건축CM, 문서작성, 안전진단, 건설안전, 산업안전, 전기설비, 데이터분석, 면접·채용, 평가·보상, 전략기획, 임차인 관리, 임대·임대컨설팅, 자재구매, PM, 분석모델링, 수수료정산, 시설점검, 대형오피스, 급여관리, 매입·매각, 부동산컨설팅, 전기배선, 정보통신, 배관·케이블, 서무, 안전평가, 인사행정, 문서관리, 인사기획, 자산관리, 자산운용, 재무기획, 주택관리사, 건설노무, 재무분석, 조직문화, 경영기획, 교육기획, 문서관리, 부동산개발, 기계조작, 서무, 인사교육, 건축감리, 건축시공, 리모델링, 시공관리, 통신설비, 행정, FM, 임대정산",경력3년↑,학력무관,서울 강남구 외,정규직,01/07(화),점프업,https://www.jobkorea.co.kr/Recruit/GI_Read/46193552?rPageCode=SL&logpath=21&sn=6
딥브레인 AI,"[딥브레인 AI] 백엔드(Back-End) 개발자 채용 (경력, 병특)","솔루션, 서버관리, AWS, NODE.JS, 소프트웨어개발, Next.js",경력5년↑,학력무관,서울 강남구,정규직,상시채용,점프업,https://www.jobkorea.co.kr/Recruit/GI_Read/46203233?rPageCode=SL&logpath=21&sn=6
㈜로아스,New LOASer 인재 모집 - 각 부문별 채용,"고객관리, 메카트로닉스, 문서작성, 디지털마케팅, 거래처관리, 기구설계, 제품개발, 프로모션, 영상제작, 자료조사, 영업기획, 키워드광고, 테스터, 문서작성, 이벤트, 전기·전자, 프로모션, 데이터분석, 영업전략, 기술영업, 오프라인마케팅, 제휴마케팅, SNS마케팅, 사업기획, 시스템분석, 장비영업, 거래선개발관리, 바이럴마케팅, 통계·분석, 매출관리, 시스템설계, 언론홍보, 전략기획, 데이터분석, 기업홍보, SNS마케팅, 연구기획, SNS마케팅, 제품개발, 프로모션, 연구·실험·기술, 경영기획, 매체관리, 콘텐츠기획, 검증, 경영기획, 지적재산권, 배너광고, 이벤트기획, 국내영업, 고객경험관리",신입·경력1년↑,학력무관,서울 송파구,정규직,01/17(금),점프업,https://www.jobkorea.co.kr/Recruit/GI_Read/46195828?rPageCode=SL&logpath=21&sn=6
LX인터내셔널,2025년 신입사원 상시 채용 (인재 Pool) - 해외영업,"해외영업, 내부회계, 비품관리, 사업개발, 신사업기획, 자금관리, 시스템운영, 자산관리, 재무회계, 사업기획, 면접·채용, 평가·보상, 전략기획, 세무회계, IR, 외환관리, HR, 조직문화, 경영기획",신입,서울 종로구,인턴,,상시채용,54분 전 수정,https://www.jobkorea.co.kr/Recruit/GI_Read/46214377?rPageCode=SL&logpath=21&sn=6
㈜아이엔에스시스템,[여의도] 증권사 WTS 운영 업무 중급 개발자 모집 (2월투입),"SM, JavaScript, SI개발, SM, 시큐어코딩, Secure Coding, SI개발, Oracle, 모바일웹, WTS, 증권사, jsp, Java, 소프트웨어개발, 운영, SPRING, 개발",경력6년↑,학력무관,서울 영등포구,프리랜서,01/10(금),55분 전 수정,https://www.jobkorea.co.kr/Recruit/GI_Read/46214368?rPageCode=SL&logpath=21&sn=6
㈜에프앤가이드,에프앤가이드 AI팀 모집,"sLLM, 소프트웨어개발, BigData, 딥러닝, 자연어처리(NLP), 인공지능",신입,대졸↑,서울 강서구,정규직,02/02(일),58분 전 수정,https://www.jobkorea.co.kr/Recruit/GI_Read/46214313?rPageCode=SL&logpath=21&sn=6
큐렉소㈜,재활로봇 제어SW개발 담당연구원 모집 (전문연구요원 가능),"C++, 임피던스, 소프트웨어, 재활로봇, 시스템분석, 모션제어, 로보틱스, SW, C, 의료기기, 제어SW, 시스템설계, EtherCAT, RTOS, 제어공학",신입·경력3년↑,석사↑,서울 송파구,정규직                 외,02/02(일),58분 전 수정,https://www.jobkorea.co.kr/Recruit/GI_Read/46214320?rPageCode=SL&logpath=21&sn=6
씨제이올리브영(주),백엔드 개발자 (SCM/물류/발주),아키텍처,경력,서울 용산구,정규직,,02/02(일),59분 전 수정,https://www.jobkorea.co.kr/Recruit/GI_Read/46214308?rPageCode=SL&logpath=21&sn=6
㈜에프앤가이드,[에프앤가이드] 인덱스개발팀 정규직 채용,"BigData, 데이터관리, 소프트웨어개발",신입,대졸↑,서울 강서구,정규직,01/31(금),1시간 전 수정,https://www.jobkorea.co.kr/Recruit/GI_Read/46214265?rPageCode=SL&logpath=21&sn=6
주식회사 옴니버스 스튜디오,"구로동 프런트,백앤드,데이터베이스 풀스텍 앱개발자 경력직 정직원 채용","모바일앱개발, 소프트웨어개발, 서버관리, 클라이언트, 핀테크, HTTP, SI개발, GUI, 반응형웹, 인터페이스, 증강현실, 가상현실, 암호화폐, 음성인식, 인터페이스, 챗봇, 핀테크, SI개발, 메타버스, 시스템분석, 시스템설계, 정보보안, 아키텍처, 클라이언트, SI개발",경력2년↑,대졸↑,서울 구로구,정규직,01/29(수),점프업,https://www.jobkorea.co.kr/Recruit/GI_Read/46188058?rPageCode=SL&logpath=21&sn=6
씨제이올리브영(주),백엔드 개발자 (풀필먼트/물류/WMS),아키텍처,경력,서울 용산구,정규직,,02/02(일),1시간 전 수정,https://www.jobkorea.co.kr/Recruit/GI_Read/46214197?rPageCode=SL&logpath=21&sn=6
㈜씨오엠 제로원,"[PC, 노트북 유지보수] 컴퓨터수리 엔지니어 모집","유지보수, 컴퓨터AS, A·S수리, 기술지원, 노트북AS, 시스템운영, 하드웨어, 컴퓨터수리, 서버구축, 설치, 네트워크관리, 컴퓨터, AS, 노트북수리, 유지보수, 유지보수",경력무관,학력무관,서울 용산구 외,정규직                 외,01/06(월),1시간 전 수정,https://www.jobkorea.co.kr/Recruit/GI_Read/46214195?rPageCode=SL&logpath=21&sn=6
바코재팬㈜(영업소),Program Management Associate(Google 프로젝트),아웃소싱,경력1년↑,대졸↑,서울 영등포구,정규직,02/02(일),1시간 전 수정,https://www.jobkorea.co.kr/Recruit/GI_Read/46214193?rPageCode=SL&logpath=21&sn=6
㈜유니디아,OA유지보수 상주 인력채용(강남),"A·S수리, 기술지원, 유지보수, 하드웨어, 컴퓨터, AS, 유지보수, 기술지원, 유지보수",경력1년↑,학력무관,서울 강남구,정규직,03/04(화),1시간 전 수정,https://www.jobkorea.co.kr/Recruit/GI_Read/46214150?rPageCode=SL&logpath=21&sn=6
㈜아이샵케어,"HR, 보안, 디자인, 마케팅, CS,   SCM, OB Sales 각 부문 채용","SCM, voc, VAN, 통신, 재무기획, 경영기획, HR컨설팅, 교육기획, 급여관리, 면접·채용, 광고기획, 광고PD, 브랜딩, 시장조사, PPL, 라이센싱, 브랜딩, 시장분석, 언론홍보, 카페·블로그관리, 키워드광고, SNS마케팅, 고객관리, 매출관리, 프로모션, 바이럴마케팅, 키워드광고, 프로모션, 디지털마케팅, 배너광고, 제휴마케팅, SNS마케팅, SEO, 언론홍보, 프로모션, BTL, 기업홍보, 이벤트기획, 리테일MD, 매출관리, 상품기획, 상품입출고, 식품MD, 재고관리, AMD, 카페·블로그관리, 프로모션, 매체관리, SNS마케팅, 네트워크관리, 방화벽, 보안관제, 정보보안, 시스템분석, 시스템설계, 정보보안, 디지털디자인, 전단지디자인, 정보디자인, CI, Sign디자인, 브랜드디자인, 디지털디자인, 전단지디자인, 정보디자인, 패키지디자인, 폰트디자인, POP, Sign디자인, 브랜드디자인, 상품입출고, 외자구매, 자재구매, 재고관리, 상품입출고, 가맹점관리, 거래선개발관리, 거래처관리, 고객관리, 매출관리, 영업기획, 고객지원, 금융상담, 접수·예약, 단순안내, 온라인상담, 전화상담, 회원관리, 전화상담, 텔레마케팅, CS교육, 콜통계분석, 고객문의분석, 상담품질관리, 고객경험관리, 통화품질분석, 기술지원, 설치, 유지보수, A·S수리",신입·경력,학력무관,서울 강남구 외,정규직                 외,01/12(일),점프업,https://www.jobkorea.co.kr/Recruit/GI_Read/46154374?rPageCode=SL&logpath=21&sn=6
㈜유파트너스,"Spring Framework, Spring Boot 기반 웹시스템 개발 및 유지보수","모바일앱개발, GUI, SI개발, 솔루션, 인터페이스, 소프트웨어개발",경력3년↑,학력무관,서울 영등포구,정규직,02/01(토),점프업,https://www.jobkorea.co.kr/Recruit/GI_Read/46204690?rPageCode=SL&logpath=21&sn=6
잡코리아(유),[잡코리아] Data Scientist (5년 이상),,경력5년↑,대졸↑,서울 서초구,정규직,모레마감,점프업,https://www.jobkorea.co.kr/Recruit/GI_Read/46099393?rPageCode=SL&logpath=21&sn=6
㈜엘에스케이,"IT개발·데이터(Java, 머신러닝, JSP 외 2개 부문) 개발 및 관리자 모집","전기설계, 자동제어, 제어",경력1년↑,학력무관,서울 영등포구,정규직,상시채용,1시간 전 수정,https://www.jobkorea.co.kr/Recruit/GI_Read/46214119?rPageCode=SL&logpath=21&sn=6
㈜포토위젯,백엔드 개발자,아이폰,경력4년↑,학력무관,서울 강남구,정규직,03/04(화),1시간 전 수정,https://www.jobkorea.co.kr/Recruit/GI_Read/46214105?rPageCode=SL&logpath=21&sn=6
엑스솔콥코리아㈜,Frontend 및 Backend 개발자 채용,,경력8년↑,대졸↑,서울 강남구,정규직,01/14(화),1시간 전 수정,https://www.jobkorea.co.kr/Recruit/GI_Read/46125526?rPageCode=SL&logpath=21&sn=6
㈜마니테크,[계약직] 금융권 웹 개발자 경력자 모집,소프트웨어개발,경력6년↑,학력무관,서울 서초구,정규직                 외,02/02(일),1시간 전 수정,https://www.jobkorea.co.kr/Recruit/GI_Read/46214085?rPageCode=SL&logpath=21&sn=6
㈜씨디알아이,프론트엔드 개발자,"모바일앱개발, CSS3, 솔루션, HTML5, 인터페이스, 반응형웹, 프레임워크, 소프트웨어개발",경력3년↑,초대졸↑,서울 강남구,정규직,01/31(금),1시간 전 수정,https://www.jobkorea.co.kr/Recruit/GI_Read/46062837?rPageCode=SL&logpath=21&sn=6
샘표식품㈜,2025 샘표식품 각 부문 수시채용,"고객관리, 네트워크관리, 상품입출고, 창고관리, 빅데이터, 거래처관리, 제품개발, 상품입출고, 시장조사, 유지보수, 품질보증, SI개발, 생산관리, 영업기획, 재고관리, 품질보증, 검증, 물류센터, 해외마케팅, 데이터시각화, 건강식품, 시스템운영, PM, 서버관리, 영업전략, 화학·섬유, 설비, 시스템운영, 구매계약, 제조·공정, SI개발, 바이어개발, 서버구축, 시스템분석, 재고관리, 거래선개발관리, 네트워크관리, 매출관리, 매출관리, 상품기획, 시스템설계, 재고관리, 데이터분석, 콘텐츠기획, 자재구매, 데이터분석, 브랜드기획, 전략기획, 클라이언트, 서버구축, 식품가공, 외자구매, 자재구매, 연구·실험·기술, 외자구매, 서버관리, 네트워크관리, 환경관리, 시장분석, 데이터분석",신입·경력,학력무관,서울 중구 외,정규직,상시채용,점프업,https://www.jobkorea.co.kr/Recruit/GI_Read/46172752?rPageCode=SL&logpath=21&sn=6
대한상공회의소,오라클 아카데미 바이오 데이터 전문가 트랙 모집,"네트워크관리, 서버구축, 시스템분석, 시스템설계, 시스템운영, 펌웨어, 서버관리, SI개발, 시스템분석, 시스템설계, 정보보안, 아키텍처, 클라이언트, SI개발, 모델링, 딥러닝, 자연어처리(NLP), 음성인식, 이미지프로세싱, 인공지능, 챗봇",경력무관,학력무관,서울 성동구,연수생/교육생,01/19(일),점프업,https://www.jobkorea.co.kr/Recruit/GI_Read/46205984?rPageCode=SL&logpath=21&sn=6
㈜이크레더블,"이크레더블 DX 전략(DBA, IT기획) 및 개발 부문 경력사원 채용","OLAP개발자, PMO, DX, SQL, IT기획, 프로젝트, 데이터마이닝, postgresql, 데이터 웨어하우스, DX전략, Oracle, PM, 모델링, ETL, Java",경력5년↑,대졸↑,서울 구로구,정규직,02/02(일),점프업,https://www.jobkorea.co.kr/Recruit/GI_Read/46204030?rPageCode=SL&logpath=21&sn=6
라라컴,인공지능 개발자 연구원 모집,"데이터관리, 데이터마이닝, 하드웨어, 증강현실, 컴퓨터, AS, 유지보수",경력1년↑,대졸↑,서울 용산구 외,정규직,01/06(월),1시간 전 수정,https://www.jobkorea.co.kr/Recruit/GI_Read/46214068?rPageCode=SL&logpath=21&sn=6
㈜코코아소프트,2025년 코코아소프트 RPA 개발인력 채용공고,"시스템분석, SI, SI개발, 시스템설계, 소프트웨어개발",신입·경력1년↑,초대졸↑,서울 강남구,정규직,02/02(일),1시간 전 수정,https://www.jobkorea.co.kr/Recruit/GI_Read/46214053?rPageCode=SL&logpath=21&sn=6
㈜세종교육,"[IT취업률100프로]무료 취준생모집(국내/일본, 수도권무료숙식 제공/비전공자 가능) 국비무료교육 취업준비","모바일앱개발, 중식, C++, GUI, 빅데이터, 웹표준·웹접근성, 증강현실, 펌웨어, 예약·발권, 인터페이스, Spring security, SI개발, 양식, 직업전문학교, 테스터, 펌웨어, 삽화·일러스트, 메타버스, 웹마스터, 보안소프트웨어, 시스템운영, 서버보안, 서버관리, 영상제작, 인공지능, 챗봇, Secure, 시스템운영, 정보보안, 정보통신·IT, AWS, SI개발, 서버구축, 시스템분석, 일식, 가상현실, 고객안내, 클라이언트, JAVA프로그래밍, SI개발, 네트워크관리, 공항지상직, 시큐어, 영상제작, 메타버스, 리눅스, 만화디자인, 모델링, 시스템설계, 증강현실, 펌웨어, 데이터분석, 인터페이스, Docker, 펌웨어, C, MMORPG, 애플리케이션, 애니메이션, 정보보안, PLC, 클라우드개발자, 로봇설계, 챗봇, 클라이언트, Frmework, 서버구축, 가상현실, 반응형웹, 프레임워크, HTTP, 고객응대, Java, 서버관리, 시큐어 코딩, 음성인식, 클라우드아키텍트, 핀테크, 검증, 네트워크관리, 한식, 핀테크, AI, RDBMS, 도커, 원화디자인, 정보보안",신입·경력,학력무관,서울 강남구 외,연수생/교육생,01/31(금),점프업,https://www.jobkorea.co.kr/Recruit/GI_Read/46095056?rPageCode=SL&logpath=21&sn=6
㈜슈카,"[신입&경력] PC, 노트북 엔지니어 모집","컴퓨터AS, 유지보수, 시스템운영, 통신설비, 하드웨어, 컴퓨터수리, SI개발, 서버구축, 모니터수리, 컴퓨터유지보수, 정보통신, 컴퓨터, AS, 노트북수리, 서버관리, 네트워크관리, 유지보수",경력무관,대졸↑,서울 용산구 외,정규직                 외,01/06(월),1시간 전 수정,https://www.jobkorea.co.kr/Recruit/GI_Read/46213988?rPageCode=SL&logpath=21&sn=6
㈜시큐와이즈,"네트워크 방화벽 엔지니어 모집(신입, 경력)","방화벽, 네트워크보안, 방화벽, VPN, 보안컨설팅, 정보보안",신입·경력2년↑,학력무관,서울 중랑구,정규직,02/02(일),1시간 전 수정,https://www.jobkorea.co.kr/Recruit/GI_Read/46213984?rPageCode=SL&logpath=21&sn=6
스콘에이아이㈜,"풀스택(vue.js, java) 개발자 계약직(정규직 전환) 채용","GUI, 모바일, 서버관리, 인터페이스, 반응형웹, 클라이언트, HTTP",경력무관,대졸↑,서울 마포구,계약직                 외,02/02(일),1시간 전 수정,https://www.jobkorea.co.kr/Recruit/GI_Read/46213980?rPageCode=SL&logpath=21&sn=6
㈜슈카,모바일앱 및 어플리케이션 소프트웨어 개발자 모집,"SI개발, 시스템분석, 시스템운영, 서버관리, 정보보안, 하드웨어, 서버구축, 시스템분석, 클라이언트, 시스템설계, 아키텍처, 시스템설계, 컴퓨터, AS, 클라이언트, 핀테크, 네트워크관리, HTTP, 유지보수",경력무관,대졸↑,서울 용산구 외,정규직,01/06(월),1시간 전 수정,https://www.jobkorea.co.kr/Recruit/GI_Read/46213974?rPageCode=SL&logpath=21&sn=6
